id,seq
hsa-mir-6832,GGTGGAGTAGAGAGGAAAAGTTAGGGTCAGTGGCAGAGCCAGGCAGATGCTGACCCTTTTTCTCTTTCCCAG
hsa-mir-6849,CCTGGGAGTGGATAGGGGAGTGTGTGGAGAGAGCACTGAGCCTGCCCACCAGCCTGTGTCCACCTCCAG
uc004bft.2,AGGGAAAAAAAAAAGGATTTGTCTTGTAGCCAGGATATTGTTTTAAAGAAAATCCTTTTTGTTTTTCCAG
hsa-mir-6894,CAAGAAGGAGGATGGAGAGCTGGGCCAGACATGCTCTTGCCTGCCCTCTTCCTCCAG
uc010erg.2,AAGGGAGATGGGTGTGGGGAAGGGCCCAGAGTCTGACCTGGCCCCTTGCCCACCCCCTTCTGCCCAG
hsa-mir-4640,CTGTGGGCTGGGCCAGGGAGCAGCTGGTGGGTGGGAAGTAAGATCTGACCTGGACTCCATCCCACCCACCCCCTGTTTCCTGGCCCACAG
uc002rji.2,TACCCGGAGGCTGGATGATGCTTGGGGGAAAGTGTGAACAACTCAGCTAAGCTCCCTGCCTCCTGTAG
hsa-mir-5006,AACCATTAGGGGGCTGTGGTTTGCCAGGGCAGGAGGTGGAAGGGAGCCCCATTTACAGTGGTAACTTCCTTTCCCTTTCCATCCTGGCAGGCTTCAGAGAACTTTACCAG
hsa-mir-6744,TCACGTGGATGACAGTGGAGGCCTCCTGGATCTCTAGGTCTCAGGGCCTCTCTTGTCATCCTGCAG
uc002hxf.1,CAGGGAGAGAACGGCCACACTCACTAATCGTTGATTCCCTTTCCCTCCCTCACAG
uc001ont.5,CACTGGGGATGCTGCAGAGACCAGACAGACTCATGGGGTCATGGACTTCTGCTTCTTCTCCAG
hsa-mir-6781,AACCCCGGGCCGGAGGTCAAGGGCGTCGCTTCTCCCTAATGTTGCCTCTTTTCCACGGCCTCAG
uc010eei.2,GTGGGGGGAGTGCAGTGGCAGGAGGGAGAGTGTCCATAAAACACCATCCTGACTCAGCTCTGGCTCTGCTGTCTCCCCAG
hsa-mir-6766,ATGAGCGGGTGGGAGCAGATCTTATTGAGAGTTCCTTCTCCTGCTCCTGATTGTCTTCCCCCACCCTCACAG
uc001bfj.61,TTGGGGGGTGGTAACTGTAGGAGCAGCCCACAAAGCCCACTGCCCCCGCCCACGTTGCCACCCCCAACCCAG
uc010bit.1,CAGGGGAATTGGAGCTGGATTCTAGTGTGGGAGCACGCTTGTCATCTTCCTTCTTTTCCCCCAG
uc002xqy.2,GTGGGGTGCTGGGAGCCAGACATGGCAAGCTTGTCTTACCCTCCCTCCACTTCCAG
hsa-mir-6743,GGGTAAAGGGGCAGGGACGGGTGGCCCCAGGAAGAAGGGCCTGGTGGAGCCGCTCTTCTCCCTGCCCACAG
hsa-mir-4749,CCTGCGGGGACAGGCCAGGGCATCTAGGCTGTGCACAGTGACGCCCCTCCTGCCCCCACAG
uc003gel.2,GTGGGGGACGTTTGCCGGTCACTGCTGCTGGCGCCCTGACTGTTGCCGTCCTCCAG
hsa-mir-6853,GGGAAAGCGTGGGATGTCCATGAAGTCAGGTGATGGTGATAAGGTCAAGGCCTGTTCATTGGAACCCTGCGCAG
uc001jvb.0,AGGGCAGGAAGGTGGGTCTTCTTGTGACTGAAGGTCCCCCGGATCTGCCCCTCCAG
uc010eei.27,TGGGGGTTGGGGGTGGAGCCGCGGAGGTGGGAGCTGCTGGTAACACCAACCCTCCCCCCACAG
uc002owt.2,TGGTGGGGTGGAGGAGGAGAGAAGCTGGAGGCCTCAATCCATCCCCATCCCCTCAG
uc011dvp.1,TTGTGGAGTGGGGCAGGATGGTGCGTCATTTGGCCCATCTTTCCTCCTCCATTGCAG
uc002dww.3,TCGTGGCCTGCAGTGGATGAGGGCAGGAGGCTCATGGCTTCTGACACTGTGGGGAACGTGCAG
uc009yqd.11,TGAGGGTGGGCTGAGTGGGCAGCTGCAGCCCTGCTCCCTCCTCCCTCCCACCAG
hsa-mir-1229,GTGGGTAGGGTTTGGGGGAGAGCGTGGGCTGGGGTTCAGGGACACCCTCTCACCACTGCCCTCCCACAG
hsa-mir-6790,GTGAGTGTGGATTTGGCGGGGTTCGGGGGTTCCGACGGCGACCTCGGCGACCCCTCACTCACC
uc002ivw.2,TCGAGGGGCAGGGCCAGAGCCTCTTTCCTGATCTCAGTCTCACCGGCCTCTTCTCTCCAG
uc002fzo.5,TGGAGGGTAGACTGTGGGTTGGCAGCTCTAGACCTTGGCCTGATATGCTGACCCCTCTGCTCCTCAG
uc001zqj.2,TTGGGGGCGGGGACAGGGAGGCTGGAGGAAGCCTTGCTGCCTCTCCCTCCTCCCCCCAG
hsa-mir-939,TGTGGGCAGGGCCCTGGGGAGCTGAGGCTCTGGGGGTGGCCGGGGCTGACCCTGGGCCTCTGCTCCCCAGTGTCTGACCGCG
uc001cbk.2,TCCAAAGGGATATATATGACTGCATGTATGTGCTGTGTATTCTCTCTTTGAACAG
hsa-mir-6513,GCTTTGGGATTGACGCCACATGTCTCAGGTCCCCAGCTGAGTCAAGTGTCATCTGTCCCTAGGC
uc002hbu.2,TCTGGAAAGGAAGGGCAGTTCCTTAACATTAATTATTGTTCATCCTTGCTTCTTCCTTCCAG
hsa-mir-4742,TCAGGCAAAGGGATATTTACAGATACTTTTTAAAATTTGTTTGAGTTGAGGCAGATTAAATATCTGTATTCTCCTTTGCCTGCAG
hsa-mir-1224,GTGAGGACTCGGGAGGTGGAGGGTGGTGCCGCCGGGGCCGGGCGCTGTTTCAGCTCGCTTCTCCCCCCACCTCCTCTCTCCTCAG
uc002muf.2,AGGGGAAGGAGGGCTGGCTGAGTCCAAGGCCTGACTTCGGCGCTCTTCCCCCAG
uc001spv.2,TGCTGCAGGCTCATACCATCCTAACTCTGTAAGCGACTTTTGGTGATAGGAGTCTGTGATTGTAG
uc010cgn.2,TCTGGGGCCGCTGGGGACAGGCCAGGGCATGGACTGACCTGCTTCCTGTGCTCCTCCAG
uc003buw.19,TGGAGTTTGGGAAAGATTGGCAGCCCAAGGTTTAAACCATTCTTCCTCTTTGCTCCAG
uc002dva.1,GTGAGCTAGGGCTGCTTGGGGGCGGAGCCGATGGCGAGCCAGGTGGGTCCTGACCCTGCTTCCCTCTGCACTCGCCCAG
uc010ogn.1,TCTGGGAGAACAAGGGGTCCCTGAAGACCAGCAACCATCTCACTCTGGCACCCCTGCTCCCCCAG
hsa-mir-3064,GGTCTGGCTGTTGTGGTGTGCAAAACTCCGTACATTGCTATTTTGCCACACTGCAACACCTTACAG
hsa-mir-6819,GAGGGTTGGGGTGGAGGGCCAAGGAGCTGGGTGGGGTGCCAAGCCTCTGTCCCCACCCCAG
hsa-mir-6883,CAGACAGGGAGGGTGTGGTATGGATGTGTTGACCCCTGAAGTGGTTCTGATGACCTTTCCCTATCTCACTCTCCTCAG
uc001gxo.1,AGGTAGAAGGAGAGAAAAGGAGGCTAGGAGTCAGCTGCTCACCCATTTCCTCCCCCTGCCAG
uc002hbq.2,TTGGGATAGGCGTTCAGAGAAGGTAATTTGGTCTTTGGTCATCTTCCCTGTTCCTTATTTCAG
hsa-mir-1233-1,GTGAGTGGGAGGCCAGGGCACGGCAGGGGGAGCTGCAGGGCTATGGGAGGGGCCCCAGCGTCTGAGCCCTGTCCTCCCGCAG
hsa-mir-6830,GTGCCCCAAGGAAGGAGGCTGGACATCCCTCATCTGTTTCTCACTGGTGTCTTTCTTCTCTCCCTTGCAG
uc001fpr.2,TGGGGAGGGTGTGAGAGAGGTGCCCAAAGGCCCCTAAAAGGTGAGCCTCTCCTCTCTCCCCACAG
uc003ahl.2,TTGGGGAGCTCAGACAGGGCAAATAGGTGGGTCTTTGATAAGGAATACCTTTGCCTCTGGCTCACCCTCTAG
uc002mfn.13,GTGGAGCTGGACCAGGAGAGGAGTAACCAAGACTCACTCCCTCCTGCCCACCCCCCAG
hsa-mir-6511b-1,GGGACGGGGCCTGCAGGCAGAAGTGGGGCTGACAGGGCAGAGGGTTGCGCCCCCTCACCACCCCTTCTGCCTGCAGCGGTGGGCT
hsa-mir-6829,CAGCGTGGGCTGCTGAGAAGGGGCAGGGTCCTCCAGCTCATTCCTCCTGCCTCCTCCGTGGCCTCAG
hsa-mir-4722,GGCAGGAGGGCTGTGCCAGGTTGGCTGGGCCAGGCCTGACCTGCCAGCACCTCCCTGCAG
hsa-mir-4758,GGTGAGTGGGAGCCGGTGGGGCTGGAGTAAGGGCACGCCCGGGGCTGCCCCACCTGCTGACCACCCTCCCC
hsa-mir-7114,TCCGCTCTGTGGAGTGGGGTGCCTGTCCCCTGCCACTGGGTGACCCACCCCTCTCCACCAG
uc001lue.1,TGGGCAGCTGGGTGGGCCTGAGCTAGGGCAGCAGGGCCTGGCTCACGCCGCTGCCTCAG
hsa-mir-6816,CCGAGTGGGGCGGGGCAGGTCCCTGCAGGGACTGTGACACTGAAGGACCTGCACCTTCGCCCACAG
uc002mvs.2.4,AAGGGAAGGAGGCTGGGGACCCCTGGGCCATTGCATGGACTTCCCACCTTCCCTCCTGAAG
uc010ncj.16,CAGGGACAGGTCCAGCTGGCTCGGCCCTCCCAAGCCCGCGGCCCCAGCAGCCGGCTCCTGTCCTCAG
uc002fsg.2,TCGGGGGTGGAACGGGGCTGCTGGCCCAGCTAAGGCTGCCTGACCTCGGCCCCACCCCTGCAG
hsa-mir-6817,AGGATTCTGCCATAGGAAGCTTGGAGTGGAACTGACCTGCCCCCTTTCTCTCTGACTCCATGGCAG
hsa-mir-6795,AGGGTTGGGGGGACAGGATGAGAGGCTGTCTTCATTCCCTCTTGACCACCCCTCGTTTCTTCCCCCAG
uc010gzc.1,TCCAGGGGCAGTCTGCCACCCATCCTTCCTGACTGCCTGGCCCTGTCCCCTGCAG
hsa-mir-6833,AAACGGTGTGGAAGATGGGAGGAGAAAAATCCCTGTTAACTTTCTCTCTCCACTTCCTCAG
uc011mep.1,CCTGGGTCAGGGTCCATCAGGAGGAGGGTGCTGGCAGGGCTGGCCTTGCCCTGAGCTCTGCTCCGCCCACAG
uc001api.1.6,CAGCAGGAGAAAAGCTGGTGAATCAGAAATGACTTCATTCCACTCGGTTCTCTTCTGTTCTAG
uc010xjm.1,CCAGAGGCCGCACAGCAGGAACCTCACATTGGATGTATCTGCTGTTGTCCCCTCAG
uc001bvb.1,GGTGGGCGGGGTCCTGCTTGGTGCTCCTGTAACTCAGCACCCCTTCTCCCACCAAAG
uc010vpb.44,TGTGGAGACAGCGGGACACATGGCACTGGCCAGGTACCACCCTGTGTGCCCCTGCCCCGCAG
uc003pvv.2,CTGGGAGGAATGGAAGCGAACAGGAGAAAGCCACACTGAGCCTTTATCTCCATTTCTTCCCAG
hsa-mir-3940,GCTTATCGAGGAAAAGATCGAGGTGGGTTGGGGCGGGCTCTGGGGATTTGGTCTCACAGCCCGGATCCCAGCCCACTTACCTTGGTTACTCTCCTTCCTTCT
hsa-mir-6742,GAGGGAGTGGGGTGGGACCCAGCTGTTGGCCATGGCGACAACACCTGGGTTGTCCCCTCTAG
uc001txo.3,ATGGGTGCTGGGGACATGCTGTAAAATACCGGTTGATCCCAGTCGTGTCCTTCCACCCAG
uc001uje.5,GGGCCCGGCGGGGAGGGGCTCCGGGGCCGGCGCCGGTCCTGACGCTTCTCTCCCGCAG
hsa-mir-6868,CCAGGACTGGCAGAACACTGAAGCAGCAGGCACCTGCTTCCTTCTGTTGTCTGTGCAG
hsa-mir-4726,AGGGCCAGAGGAGCCTGGAGTGGTCGGGTCGACTGAACCCAGGTTCCCTCTGGCCGCA
uc002nkk.2,TGGGGGTGACGGGCAGGCATGGGGGCTGGAGTGGCTGACCCTGCCTCCCCGTGTCTGCCTGTGTCTCCAG
hsa-mir-7113,CTCCAGGGAGACAGTGTGTGAGGCCTCTTGCCATGGCCTCCCTGCCCGCCTCTCTGCAG
hsa-mir-6749,GGCCCTCGGGCCTGGGGTTGGGGGAGCTCTGTCCTGTCTCACTCATTGCTCCTCCCCTGCCTGGCCCAG
uc002mye.2,TATGGGACCAAGGAGAGGGCGTACCTACAAGGGTTGACGTTCCTCTTCCTGCCCCAG
uc010tlk.1,ACTGGGTGGGCAGTATATTCAGATATTGGATCTGAGCCCTGTTCTCCCTAG
uc010zfg.1,TATGTCCTTTGTAAACAAATAGCAAGAGATTAATGGATGTGTTTTGCTGTTTGCATTGGACAG
uc002nyr.2,AGGGGACGGGATGGAGGAACAGAGAAAGCTAAGGGTAGCCTCTGCCCTCCTACTCCCCAG
hsa-mir-3605,ACTTTATACGTGTAATTGTGATGAGGATGGATAGCAAGGAAGCCGCTCCCACCTGACCCTCACGGCCTCCGTGTTACCTGTCCTCTAGGTGGGACGCTCG
hsa-mir-6779,GAGCTCTGGGAGGGGCTGGGTTTGGCAGGACAGTTTCCAAGCCCTGTCTCCTCCCATCTTCCAG
hsa-mir-6856,TGGAAAAGAGAGGAGCAGTGGTGCTGTGGCAGTGGCAGAGGTCGCTACAGCCCTGTGATCTTTCCAG
hsa-mir-6788,GACGGCTGGGAGAAGAGTGGTGAAGAAGAGTATTGATTGTGCTGTTCGCCACTTCCCTCCCTGCAG
hsa-mir-6838,CAGGGAAGCAGCAGTGGCAAGACTCCTAGGTCACGGAAGTCCTGCTTCTGTTGCAG
uc003dej.63,TGTGGGCAGAGCAGAGCCTGCATTGGCCATCTCCATCTGGCCCAGGCCAACAGGCCTTGCTCTGCTCACAG
uc001neq.2,TACTGAGTTGCAGTAGGGTATCAGCTTCTGATGCTAATGTGTCTGATTCCTGCTGTCTGCTTCTCAG
hsa-mir-6855,GCTGCTTGGGGTTTGGGGTGCAGACATTGCCAGAGGATGGGCAGCAGACTGACCTTCAACCCCACAG
hsa-mir-6850,GTGCGGAACGCTGGCCGGGGCGGGAGGGGAAGGGACGCCCGGCCGGAACGCCGCACTCACG
uc002dev.3,AGGGCAGAGGGAATCCCACACGTGCTGGTGGATCATGTGTGTGCATTTCTCTCCCTTCTAG
hsa-mir-6857,GCTTGTTGGGGATTGGGTCAGGCCAGTGTTCAAGGGCCCCTCCTCTAGTACTCCCTGTTTGTGTTCTGCCACTGACTGAGCTTCTCCCCACAG
hsa-mir-4728,GTGGGAGGGGAGAGGCAGCAAGCACACAGGGCCTGGGACTAGCATGCTGACCTCCCTCCTGCCCCAG
hsa-mir-6505,GCATTGGAATAGGGGATATCTCAGCATGTTGAGCCCTGTCTCTGGGGAGCTGACTTCTACCTCTTCCAAAG
hsa-mir-6793,GTCACTGTGGGTTCTGGGTTGGGGTGATACACAAGCCTGACCCTCCCCAACCCCTGCCCGCAG
uc002mki.6,GTGGGGAGGGCGGTTTCAGCATGACTAGAATTCTGAACCCTGCATCGTCCCCCAG
hsa-mir-6734,AGAACTTGAGGGGAGAATGAGGTGGAGAAGCCCAGGTTCTGAATCCCCTTCCCTCACTCTTCTCTCAG
uc002dcr.2,AGGGCAGAGGGAATCCCACACGGGCTGGTGGATCATGTGTGTGCATTTCTCTCCCTTCTAG
hsa-mir-6870,CAAGGTGGGGGAGATGGGGGTTGAACTTCATTTCTCATGCTCATCCCCATCTCCTTTCAG
uc001epm.3,TTGGTAAAGTTGGTTTAAAGTGATGACATGTATCTTCCTTGACCATCCTTATCAG
uc001bny.0,AGGGGGCACTGGGCAGACAGTGTGTGCAAGATAGAGTCCAGGGCCACCTTCTGGCTGAGCCACACTGAGTCCATTACCCCCAG
hsa-mir-6809,AATGTTGGCAAGGAAAGAAGAGGATCATGTTTGCCCCCGTGGACAGCTCTCTGGTGTGCTCCTCCTGCCATCCTGCCCACCCCTGCATAATGCTGCTTCTCTTCTCTCCTTCCCAG
hsa-mir-6762,AGAGCCGGGGCCATGGAGCAGCCTGTGTAGACGGGGACCTGCCCTGCATGGGCACCCCCTCACTGGCTGCTTCCCTTGGTCTCCAG
uc004fph.2,TGGGATGTTTCTGGGTGGTTGGCCCTGGGTCTGGTCTGAACACCCTCTGCGTCCCCCAG
uc010cel.1,TAGGCTGGATGGGGCTGGGCTGGGCAAGGCTGAGCAAAGCCAGCCCATTAACCCCTGTCCTCTCCTGCCCTTAG
uc001nvf.1,GTAGGAAGCATGGACAGAGTAAGAACTTGTGTGTGGAGAGAATACTGCTTCCATGTTCCTAATACCTGTT
hsa-mir-4690,GAGCAGGCGAGGCTGGGCTGAACCCGTGGGTGAGGAGTGCAGCCCAGCTGAGGCCTCTGC
uc010fgg.2,ATGGGAAGTTGATTAAGGGAAATGAACCAGCATTCTGCCCATTGCCTGCAACTTCTTCCCCAG
hsa-mir-937,AGCACTGCCCCCGGTGAGTCAGGGTGGGGCTGGCCCCCTGCTTCGTGCCCATCCGCGCTCTGACTCTCTGCCCACCTGCAGGAGCT
uc001whh.2,TAAGGGGAGAGGGAATGTGGGACATGACCCATCATTTCCTCCTTCCCCAG
hsa-mir-6800,ACCTGTAGGTGACAGTCAGGGGCGGGGTGTGGTGGGGCTGGGGCTGGCCCCCTCCTCACACCTCTCCTGGCATCGCCCCCAG
hsa-mir-6727,GGGTGCTCGGGGCAGGCGGCTGGGAGCGGCCCTCACATTGATGGCTCCTGCCACCTCCTCCGCAG
hsa-mir-1292,CCTGGGAACGGGTTCCGGCAGACGCTGAGGTTGCGTTGACGCTCGCGCCCCGGCTCCCGTTCCAGG
hsa-mir-6876,AGTTGCAGGAAGGAGACAGGCAGTTCAGGAGGTGGCACTGCTGTGTGTGAGCTGTCTGTGTTTTCCTTCTCAG
hsa-mir-6885,CCTGGAGGGGGGCACTGCGCAAGCAAAGCCAGGGACCCTGAGAGGCTTTGCTTCCTGCTCCCCTAG
uc002lvy.2,CAGGAGCCACGGGACGCCCCAGCAGGGTATATGCAACAGACAGATTGTCACACCAGCTCGCTGTCCTGTGTCTCCCAG
hsa-mir-6831,GTAGGTAGAGTGTGAGGAGGAGGTCTGAGCCCATGTGTGGACCTAGGTCTGCTGTTAAACTGACTAACTCCCACTCTACAG
hsa-mir-6841,GTGTTTAGGGTACTCAGAGCAAGTTGTGAAACACAGGTGTTTTTTAACCTCACCTTGCATCTGCATCCCCAG
uc001fxk.4,GTAAGTCTGGGGAGATGGGGGGAGCTCTGCTGAGGGTGCACAAGGCCCTGGCTCTACACACATCCCTGTCTTACAG
hsa-mir-6888,GTGGGAAGGAGATGCTCAGGCAGATCTGTCTCTGATTGTTTCCAAGATCTGTCTCGATTGTTTCCAG
uc003bdd.4,CAGGACGAGTGTCAACAAGGACCTCCAAAGTCACTGTTGTACTCTTGCTCCTACAG
uc002oxj.4,TGTGGGACCTGGGGTGCAAGTGCAAGAGCAACAGCCACTCACCCCAAACCCCAAG
uc002fwx.16,TGGGCCAGGACTAAGGGATGGGCGTGTCTTCATGTGGGGCTTCTCATCTCTGATTCCCTGACCAG
uc002ihn.2,AGGAAGATGGCGGGGAGTAGTACTTCCCCGGAGCATAGATGTGGTTGAAGCTGCACCCTGTCCCCTCTTCCAG
uc009vxw.2,TGGGGTGGTGACAGTAGAAGGCTGAAACCAACATAGCTGAAACCTCTGCTTCTCTCACCTGGCAG
hsa-mir-6889,CTGTGTCGGGGAGTCTGGGGTCCGGAATTCTCCAGAGCCTCTGTGCCCCTACTTCCCAG
hsa-mir-6824,GAGGTGTAGGGGAGGTTGGGCCAGGGATGCCTTCACTGTGTCTCTCTGGTCTTGCCACCCCAG
hsa-mir-6835,TGATGAGGGGGTAGAAAGTGGCTGAAGCGAGATGTTTGTCTAAAAGCACTTTTCTGTCTCCCAG
hsa-mir-6738,GAAGGCGAGGGGTAGAAGAGCACAGGGGTTCTGATAAACCCTTCTGCCTGCATTCTACTCCCAG
uc003bmk.3,TTGTGGGAACAGAGGGGTGGGTACATATCTGAAGGTGCATCTGAACTCTTGGCTCCCACAG
hsa-mir-6511b-2,GGGGCCTGCAGGCAGAAGTGGGGCTGACAGGGCAGAGGGTTGCGCCCCCTCACCACCCCTTCTGCCTGCAG
hsa-mir-6752,ATGGAGGGGGGTGTGGAGCCAGGGGGCCCAGGTCTACAGCTTCTCCCCGCTCCCTGCCCCCATACTCCCAG
hsa-mir-6806,TGCTCTGTAGGCATGAGGCAGGGCCCAGGTTCCATGTGATGCTGAAGCTCTGACATTCCTGCAG
hsa-mir-6757,GGGCTTAGGGATGGGAGGCCAGGATGAAGATTAATCCCTAATCCCCAACACTGGCCTTGCTATCCCCAG
uc010vai.1,AGGGCAGAGGGAATCCCACACGTGCTGGTGGATCATGTGTGTGCATTTCTCTCCCTTCTAG
uc010bto.1,CCAGGGCCACATAGTCACATAGTCACATAGTCACATGTGTCTGTGTCTGCCCAG
hsa-mir-6820,CCTTCTGCGGCAGAGCTGGGGTCACCAGCCCTCATGTACTTGTGACTTCTCCCCTGCCACAG
uc002oam.6,ATGGGAGAAGGGGCAGGGAGCCTGGAGTCAGGCAGATGCTAGGGTCCCCCTCAGGTCCCTTCCTCCTCTTCTCCCTAG
uc003upz.5,CCAGGGGAGGAGGTGAGTGCAGAGGAGTGGGACACCGTGACTCACAGCTCTCTCCCCTCAG
hsa-mir-6789,CGAGGTAGGGGCGTCCCGGGCGCGCGGGCGGGTCCCAGGCTGGGCCCCTCGGAGGCCGGGTGCTCACTGCCCCGTCCCGGCGCCCGTGTCTCCTCCAG
uc002saj.2,TGGGGAAATGAAGTGAGAACAACTGAAATAGGAGAATAGATCAGTTATTCTGCTTCTAATTTCACAG
hsa-mir-1909,CATCCAGGACAATGGTGAGTGCCGGTGCCTGCCCTGGGGCCGTCCCTGCGCAGGGGCCGGGTGCTCACCGCATCTGCCCC
uc002thw.2,TGGTAAGAGTAAATGTGTAACCAGTTGCAGTTATTTTGTGCCTTGGACATCTGCTCTTCCAG
uc002nhg.3,CCAGGGTGGGATGAGGCTTGGGAAAAATAGAAGCAGCCCTCTTGGCCTCACCCTCTCTAG
uc001whc.2,AGGGAGGCTGAGGGAAGGGACTCAGGCTGCTATCGTCACTGTCCCCATCCTTCCAG
hsa-mir-6737,TTGGGTTGGGGTGGTCGGCCCTGGAGGGGGTTTGTTTGCTTATTCCCCTCTGTGCTTCACCCCTACCCAG
hsa-mir-6780b,CAGCCTGGGGAAGGCTTGGCAGGGAAGACACATGAGCAGTGCCTCCACTTCACGCCTCTCCCTTGTCTCCTTTCCCTAG
uc002dzz.8,TACCTGGGCGCAGGGATGGGAGTGGCCAGGAGTGCTGACCTCTCATCTGGCTGCCCAG
hsa-mir-7106,GCTTCTGGGAGGAGGGGATCTTGGGAGTGATCCCAACAGCTGAGCTCCCTGAATCCCTGTCCCAG
hsa-mir-6861,GAGGCACTGGGTAGGTGGGGCTCCAGGGCTCCTGACACCTGGACCTCTCCTCCCCAGGCCCACA
hsa-mir-6802,GAGGGCTAGGTGGGGGGCTTGAAGCCCCGAGATGCCTCACGTCTTCACCCCTCTCACCTAAGCAG
hsa-mir-6755,TGTTTTAGGGTAGACACTGACAACGTTATGTGTGGTCTTTAACCTGTTGTCATGTTTTTTCCCTAG
uc001ujz.10,AGGGGAGGGTGGTGGGGGCTAGCAGTCCGGGCCCTGTCTCACAACCACTGCCCTGCCCAG
uc010sly.8,CTGGAGTGAGCAGTGGGCAGAGCTCCTGGTGAGCACTGCTGCTGCCTCCCTCCATAG
uc004dyy.42,ACGGATTGGGAAAGGAGGTTGAAGAAGGAGAAAAGTTCGACTTCAGTCTTCCACTTCCTATTTCCACCCAG
hsa-mir-6765,GTGAGGCGGGGCCAGGAGGGTGTGTGGCGTGGGTGCTGCGGGGCCGTCAGGGTGCCTGCGGGACGCTCACCTGGCTGGCCCGCCCAG
hsa-mir-6864,GAAAGTTGAAGGGACAAGTCAGATATGCCATTATGTGGGTCATGAGGTGGTGAGACTTCTCTCCCTTCAG
hsa-mir-6879,CAGAGCAGGGCAGGGAAGGTGGGAGAGGGGCCCAGCTGACCCTCCTGTCACCCGCTCCTTGCCCAG
uc002mxv.2,AGGGGGTCGGGCCGGACGGGGCCTGACGGTCTCCTCTCCGTCTCCATCCCCAG
hsa-mir-6821,GTGCGTGGTGGCTCGAGGCGGGGGTGGGGGCCTCGCCCTGCTTGGGCCCTCCCTGACCTCTCCGCTCCGCACAG
uc001nkm.0,AGCAGGGCTGGAATGGTCAAGGTTCCTGGGATGTCACAGGATGCTGCTGACATGACCTTGCCCCTCCCTCCCTCCAG
uc002imz.3,TGGGAGGAAAGCACAAGGTTTTTCCTTCCCCCTTGTTAAAGCCTCTGTGTTTTGCCCTAG
uc003yzv.2,GTAAGTGCGGACTTTGGGGGGACGGGGTCCTGGAGAGGTCCCCGCCCGCTCAGCTCTGCGCCCT
uc001orw.0,TCTGGGGCTGAGGCTGGCTGAGGCCCCTCCCCACCCACACCCAGCCTCCTCTCCAG
uc002fzz.2,TGGCAGGGGGTGGAATTGTGACACCTGGATCCTAGCCTCCTTTCTCTTTCCTCCTCCTCCAG
hsa-mir-6754,GGCTGCCAGGGAGGCTGGTTTGGAGGAGTCTGGTGGCCTGTTCTCTTCACCTGCCTCTGCCTGCAG
hsa-mir-4750,CGCTCGGGCGGAGGTGGTTGAGTGCCGACTGGCGCCTGACCCACCCCCTCCCGCAG
hsa-mir-4639,TTGCTAAGTAGGCTGAGATTGATGTCAGGTTATCCCCAAGCATAACCTCACTCTCACCTTGCTTTGCAG
uc003mhh.2,AGGGGAGGGGACAGGGCATGGGAGTGCGGTGCTCTCACCTTTGACTTGAACTCATTCCCCAG
hsa-mir-3620,GTGAGGTGGGGGCCAGCAGGGAGTGGGCTGGGCTGGGCTGGGCCAAGGTACAAGGCCTCACCCTGCATCCCGCACCCAG
hsa-mir-6759,TATTGTTGTGGGTGGGCAGAAGTCTGTTTTCTTCATGGTTTTCTGACCTTTGCCTCTCCCCTCAG
uc003mtz.4,TCGCCTGCACATAGGCCAGGAGGACAGTGTGTGTCATGACTGAAACTCTCCTTTGTCTCTGTGTGTGGCAG
uc001ztb.2,TATTGGGAATTGTGGGTAGCGGTGCAGTAACTAGACCTGCCTTTCCCATAG
hsa-mir-6796,TTACCTTGTGGGGTTGGAGAGCTGGCTGGTCCAGCCCCTCAGAAGCTCTCCCCTCCCCGCAG
uc011lio.6,GATGAAGGGAATCACTCATGATAATAACATTTCATGAATGACTTTTCCTTCAG
hsa-mir-6797,CAGCCAGGAGGGAAGGGGCTGAGAACAGGACCTGTGCTCACTGGGGCCTGCATGACCCTTCCCTCCCCACAG
hsa-mir-4649,TCTGGGCGAGGGGTGGGCTCTCAGAGGGGCTGGCAGTACTGCTCTGAGGCCTGCCTCTCCCCAG
uc004aub.2,ATGCAGGGGTAAGTCAGGACCACGGGAGGTGTCTGGTGCTGACCCTGGGTCCGGTTGTCCTGCAG
uc002juj.1,AGCAGGGGCTGCTGGAAGGAGAGAGGTGGCTGGAGCCTGACCCCCCCGCCAACCCCCTCTGCAG
uc001kuo.1,AAGATAGGCTGGGCTGTGTTTCTTGGTTTGGGAAGATTCCAGTCCCCTAGAAATTGGTCCAATCTACCTCAG
uc010dtt.14,ACGGGGGCTGAGAGCAGAACCCCGAGCTGGACTCTGCTCCCTCCCCCCAG
uc002eux.5,TGGAGGGGAGCCGAGAGTATCGAGCAGGCACTGAAGCTGCGGTCCCTCCCTCTCCTCAG
uc009vxn.2,ATGGAGGGAATCGGCAGCTGAGGCCTGACCCCTGCCTGGCTGCCCTCCCTCTCAG
uc010yel.9,TGGTGAGGGAGACCAGCTGGCCCACTGGGTCCTGACCCTCTGCTCTCTCCCACCCGCAG
hsa-mir-4747,AGGGAAGGAGGCTTGGTCTTAGCACGGGGTCTAAGGCCCGGGCTTTCCTCCCAG
hsa-mir-6785,CTCCCTGGGAGGGCGTGGATGATGGTGGGAGAGGAGCCCCACTGTGGAAGTCTGACCCCCACATCGCCCCACCTTCCCCAG
hsa-mir-7109,GTCTCCTGGGGGGAGGAGACCCTGCTCTCCCTGGCAGCAAGCCTCTCCTGCCCTTCCAGATTAGC
uc002lpp.2,GTGAGTATGAGGCGGGCTGTCCCTGGCTCTCCCCAGGCTGCCCTGCGGCCGGCCCTGACCCCCTGTCTTGCAG
hsa-mir-6730,CCGAAAGAAAGGTGGAGGGGTTGTCAGAGCTGCAGCTGCTCCACCCTGACACCCCATCTGCCCTCAG
hsa-mir-6827,TCTGGTGGGAGCCATGAGGGTCTGTGCTGTCTCTGAGCACCGTCTCTTCTGTTCCCCAG
uc003lud.3,TCGGGCGCAAGAGCACTGCAGTTCTGTTGGGTGACAGCAGTGTTTGTTTTGCCCACAG
uc002jzz.1,TGAGGGCCTCTGGGGAGCACCTGCTGCTGTGAACATGTGTTCCTGTCTCCACCCTGCAG
hsa-mir-6851,CAGGGAGGAGGTGGTACTAGGGGCCAGCAACCTGATTACCCCTCTTTGGCCCTTTGTACCCCTCCAG
hsa-mir-6778,GTTCAAGTGGGAGGACAGGAGGCAGGTGTGGTTGGAGGAAGCAGCCTGAACCTGCCTCCCTGACATTCCACAG
uc002kdg.1,GTGAGCAGGGCTGGGGTACCTCCCCCAACCTAGGACACCCCACTTGCCCTGCTGACC
uc002xro.3,CAGGGCGGAGGCAGGGCAGGGCCGGACCAGACCTGATGGTGCCTGTCCCCCGCCCTGCAG
uc004flm.2,GTGCGGCTCTGTGGGTGCCCGGGCCGTATGTGGCCTGGCCGGCCCTGACGCTCTCTGAGCCCTAG
hsa-mir-6773,GGGAGTTGGGCCCAGGAGTAAACAGGATTAGTGCTTATGCTAAGATGTCTTCACTGTCACTTCTCTGCCCATAG
hsa-mir-6787,TCGGCTGGCGGGGGTAGAGCTGGCTGCAGGCCCGGCCCCTCTCAGCTGCTGCCCTCTCCAG
hsa-mir-6822,TGGCCCAGGGAACCAGTTGGGGCTTCCGCTCTGCAGAGGCTCTAACTGGCTTTCCCTGCAG
hsa-mir-877,GTAGAGGAGATGGCGCAGGGGACACGGGCAAAGACTTGGGGGTTCCTGGGACCCTCAGACGTGTGTCCTCTTCTCCCTCCTCCCAG
hsa-mir-6858,GTGAGGAGGGGCTGGCAGGGACCCCTCCAAGTTGGGGACGGCAGCCAGCCCCTGCTCACCCCTCGCC
hsa-mir-6880,GAGGGTGGTGGAGGAAGAGGGCAGCTCCCATGACTGCCTGACCGCCTTCTCTCCTCCCCCAG
uc002gjp.18,GTGGGGTGGGGAATTGAGAGGATCTGACGCTGATTTCTTCCTCTCTCTTCCCTCAACTCTCAG
hsa-mir-6726,GGGGGCGGGAGCTGGGGTCTGCAGGTTCGCACTGATGCCTGCTCGCCCTGTCTCCCGCTAG
hsa-mir-6811,TATGCAGGCCTGTGTACAGCACTCAGGCAGTGCCATGAGCCTGTGCTTGTCCCTGCAG
hsa-mir-6823,CAAGGTCAGGGTTGGTAGGGGTTGCTGTTGCTGTGAAAGCTGAGCCTCTCCTTCCCTCCAG
uc002vit.2,TTTGGGACCAGCAGATGAGGGCTGTGAGAGAGCTCTGACTTAGTGCCCTACATCTGCCTTCCCTCTAG
uc001qnt.2,CTGTGGGGTGGGGGTGCAGGCGCTTCTCCTTTAGCTGTGCCGCACTTCTCCCTACAG
uc001tsa.19,CTGGCCAGGAACTTTTGGGATGGGGACACCACCTCTCAGCCCTCCCTCTCTTCCTGGCCCCAG
hsa-mir-6740,GAAAGAGTTTGGGATGGAGAGAGGAGAAACTTGAGGTCTCTGGGAGTTGCTTAAACCAGTTGACCGTAACCTGGCCAGAGAATTCTGATAGTGTCTTCTCTCCTCCCAAACAG
hsa-mir-6772,AGGCCTGGGTGTAGGCTGGAGCTGAGGACTGAGGCTCACCTTGCTCCTGACTCTGTGCCCACAG
hsa-mir-6882,GGCTTTACAAGTCAGGAGCTGAAGCAGCTGGAATTCAAGCCCTGCTGCCTCTCCTCTTGCCTGCAG
hsa-mir-6805,TGGCCTAGGGGGCGGCTTGTGGAGTGTATGGGCTGAGCCTTGCTCTGCTCCCCCGCCCCCAG
uc010bvf.1,AGGGCAGAGGGAATCCCACACGGGCTGGTGGATCATGTGTGTGCATTTCTCTCCCTTCTAG
uc003cum.7,GGAGATGGTGAGGGCAGGGAGTGTGCTGAGTCATGCCTTGCCCTCTCCCTCTAG
hsa-mir-6782,TGGGGTAGGGGTGGGGGAATTCAGGGGTGTCGAACTCATGGCTGCCACCTTTGTGTCCCCATCCTGCAG
hsa-mir-6813,GTAGGCAGGGGCTGGGGTTTCAGGTTCTCAGTCAGAACCTTGGCCCCTCTCCCCAG
hsa-mir-7111,CTGGGGGAGGAAGGACAGGCCATCTGCTATTCGTCCACCAACCTGACTTGATCCTCTCTTCCCTCCTCCCAG
uc002loy.2,TGGGCAGGGGTGACTTGGAGAGAGTGACTTGCGGGGGACACCCTCTCACCCGGCCCCTCGTGCCCCAG
hsa-mir-4743,GCTGGCCGGATGGGACAGGAGGCATGAATGAGCCATCTTTCCAATGCCTTTCTGTCTTTTCTGGTCCAG
uc001qnt.0,ATGCGGGGCGGGGCCTGGGGTTGCCGCCCGAGGCTCACCGGCCCGCGTCCCCGCAG
hsa-mir-3606,TTGTTGCTATCTAGGTTAGTGAAGGCTATTTTAATTTTTTTAAAATTTCTTTCACTACTTAGG
uc004dgu.1,AACACAGGGAAGGGGGAACTGCAGGGTTACAGCTTCCTTTTCCCTTCTCTGTGCAG
hsa-mir-6881,TGCACTGGGGTAAGGATAGGAGGGTCAGGTCTGCAGCCTTGTATCTGCTGATCCTCTTTCGTCCTTCCCACTCCAG
uc002nxk.1,TGTGGGGCAGCATTGGGAGTGTGAACCCCCATCCAGGTTCTCACCTCTCAAACTTCCTCAG
uc010wsc.7,GTAGGATGATGGGGTCACGGACCAGGTCAGGGCTCACTCCCCACTGCCAGTTCCCCAAATGCTGAGTTGGCTCCTGCCCTGTCTCCTCCAG
hsa-mir-6799,GAGGAGGGGAGGTGTGCAGGGCTGGGGTCACTGACTCTGCTTCCCCTGCCCTGCATGGTGTCCCCACAG
hsa-mir-6769b,CTTCCTGGTGGGTGGGGAGGAGAAGTGCCGTCCTCATGAGCCCCTCTCTGTCCCACCCATAG
uc001bqa.8,CGGGGCAGAGAGAAGCCATGTGTGTCTGTCTGTCACTGACCGTGGCTTTCCCTTTGCCTGCAG
hsa-mir-6866,CCATTTTAGAGGCTGGAATAGAGATTCTTGAGGCTTGGAAGAGTAAGGATCCCTTTATCTGTCCTCTAG
hsa-mir-6763,TTCTCCTGGGGAGTGGCTGGGGAGCAGACAGACCCAACCTCATGCTCCCCGGCCTCTGCCCCCAG
uc002ozy.0,ATTTGCTGGGGCTGAGTCGGGGGCGCGCGGGCCCTGACCTCTGCCCTCTGACCTCTCCCCTAGCAG
uc003mim.8,TGGGGAGGACAGCCATGACAGGAAGTGGAACTCACCCGCTTCGCTGCCCTTCCCAG
hsa-mir-7110,GGGGCTGGGGGTGTGGGGAGAGAGAGTGCACAGCCAGCTCAGGGATTAAAGCTCTTTCTCTCTCTCTCTCTCCCACTTCCCTGCAG
uc009ybz.1,CTGGGTGCGGGCCCTCAGGCCGTGGGAGGCAGTGACGGCAGGGCCTTGGGTCTGTGCCCACAG
uc003afq.9,GGGAAGGGGAGATTGCTATGACTGATGCTCATCAGCTTGGCACTTTCCTTTGTCCAG
hsa-mir-6852,TGCTGCCCTGGGGTTCTGAGGACATGCTCTGACTCCCCTGATGTCCTCTGTTCCTCAGGTGCTGGG
uc011lxl.59,AAAGATGGAAGGGAAAATGCTCATGATGTATGATAAGAATCACGATGGATGTACGTGTGCACTTTTCCTTCTGCCTTCAG
uc002kde.1,ATGGGCGGGAATTCAGAGCCAGTCAGGGCACGCGAGTGACTACCGGCCTGTTTCTCTCCTAG
hsa-mir-5004,GGCACTTGCTTGGGGGTTAGTGAGGACAGGGCAAATTCACGAGATTGGGTTGTGCAGAGGCTGACACTTGGATTTTCCTGGGCCTCAGGACTTCCTTTCAGACATGG
hsa-mir-6777,TCAAGACGGGGAGTCAGGCAGTGGTGGAGATGGAGAGCCCTGAGCCTCCACTCTCCTGGCCCCCAG
uc010rhl.1,CCAGGGGTGTGTGGCCCAGTGGGGTCCCCTGAGCCACTGCTCCCCTGCAG
uc010uzr.1,AGGGCAGAGGGAATCCCACACGGGCTGGTGGATCATGTGTGTGCATTTCTCTCCCTTCTAG
hsa-mir-6869,GTGAGTAGTGGCGCGCGGCGGCTCGGAGTACCTCTGCCGCCGCGCGCATCGGCTCAGCATGC
hsa-mir-6767,TGAAATCGCAGACAGGGACACATGGAGAACGCCCCCACCAGTTCCCACGTGCTTCTCTTTCCGCAG
hsa-mir-4646,ACTGGGAAGAGGAGCTGAGGGACATTGCGGAGAGGGTCTCACATTGTCCCTCTCCCTTCCCAG
hsa-mir-6818,CTATTTTGTGTGAGTACAGAGAGCATCTGAATGGGTACAGTTGTTGTCTCTTGTTCCTCACACAG
hsa-mir-6867,CCCGGTGTGTGTGTAGAGGAAGAAGGGAAGCTGGGAACCTGACTGCCTCTCCCTCTTTACCCACTAG
hsa-mir-6804,GGATGTGAGGGTGTCAGCAGGTGACGGTGGGGGCCACGCTGACAGCCGCACCTGCCTCTCACCCACAG
hsa-mir-6886,CTTGGCCCGCAGGTGAGATGAGGGCTCCTGGCGCTGATGCCCTTCTCTCCTCCTGCCTCAG
uc002lrp.2,CTGGGCCGGGCTGGGCTGGGGGCGCCGCAAGCTGGGGCTCCCAGCTGACGGACCGCTCTCCTTGCAG
uc002mcx.7,AGGGTGCATGGTGTCGTTGTGGCCGAGCCAGGCTACCAAGTGACCTCTGACCCCGCTGTGCACCCACAG
hsa-mir-6515,CATTGGAGGGTGTGGAAGACATCTGGGCCAACTCTGATCTCTTCATCTACCCCCCAG
uc001war.28,TAGAGGAGTGGGTTTACTGGACAGTGATCTTTTGGTCTTATTGTTTGGTTTCCTAACTCATCTAG
uc001api.1.2,TGGGGGTTATGGAACCAGAAAATGGGATCATGCCATCTGGGTTGTTCCTTGGCTTCCAG
hsa-mir-5196,TCTGAGGAGACCTGGGCTGTCAGAGGCCAGGGAAGGGGACGAGGGTTGGGGAACAGGTGGTTAGCACTTCATCCTCGTCTCCCTCCCAGGTTAGAAGGGCCCCCCTCTCTGAAGG
hsa-mir-6893,CCGGGCAGGCAGGTGTAGGGTGGAGCCCACTGTGGCTCCTGACTCAGCCCTGCTGCCTTCACCTGCCAG
hsa-mir-6798,GGCAGCCAGGGGGATGGGCGAGCTTGGGCCCATTCCTTTCCTTACCCTACCCCCCATCCCCCTGTAG
uc003tyk.11,TATGGAAGATCGGGGCAGTGGGAGCTCTCTAGCGGCTGCTGACGGCTCTGTCTCCCTAG
hsa-mir-6771,GGTGCCTCGGGAGGGCATGGGCCAGGCCACATAATGAGCCAAACCCCTGTCTACCCGCAG
uc003lam.6,GGGGACCGGGGCGGGGACACATGGTCCTCTAACATGACCATACACTCATCTCTGCTCCCCACAG
hsa-mir-6808,GGGGCCAGGCAGGGAGGTGGGACCATGGGGGCCTTGCTGTGTGACCACCGTTCCTGCAG
hsa-mir-6801,TGGCCTGGTCAGAGGCAGCAGGAAATGAGAGTTAGCCAGGAGCTTTGCATACTCACCCCTGCCACTCACTGGCCCCCAG
uc002dcx.3,AGGGCAGAGGGAATCCCACACGTGCTGGTGGATCATGTGTGTGCATTTCTCTCCCTTCTAG
hsa-mir-6729,GAGGGTGGGCGAGGGCGGCTGAGCGGCTCCATCCCCCGGCCTGCTCATCCCCCTCGCCCTCTCAG
uc001okc.13,TCTGGCCTCTGCAGCCACACGGCAGAAGTGACAGCTGTGGGCTCTGGTGGCTGCAG
hsa-mir-4723,AGTTGGTGGGGGAGCCATGAGATAAGAGCACCTCCTAGAGAATGTTGAACTAAAGGTGCCCTCTCTGGCTCCTCCCCAAAG
hsa-mir-6846,CAGGCTGGGGGCTGGATGGGGTAGAGTAGGAGAGCCCACTGACCCCTTCTGTCTCCCTAG
hsa-mir-4667,TGACTGGGGAGCAGAAGGAGAACCCAAGAAAAGCTGACTTGGAGGTCCCTCCTTCTGTCCCCACAG
uc002egp.17,ACTGGCAAAAGGGTTTAGAACTTGACTGCCCTATAAAGAGTTCTTCCTCTGTGCCATAG
uc001eto.1,TCAGAAATAGGAAGGTGGAAGGGCTTCATGGATAATCTCCTTTTCCTCCACTATCTTGTTTCTACAG
hsa-mir-6878,ATGAGAGGGAGAAAGCTAGAAGCTGAAGATTCTGAAAATCACTAACTGGCCTCTTCTTTCTCCTAG
uc009zpl.1,CTAGGGTGGAGTGTGGGTTGAGTCCAGAACCCGACATTGAGAGATGGACTCTCCCTACTATCTTCCCTAG
hsa-mir-6891,GTAAGGAGGGGGATGAGGGGTCATATCTCTTCTCAGGGAAAGCAGGAGCCCTTCAGCAGGGTCAGGGCCCCTCATCTTCCCCTCCTTTCCCAG
hsa-mir-5187,GACTAAGGGTGGGATGAGGGATTGAAGTGGAGCAGGAATGCGCTTTTCTCCACTGAATCCTCTTTTCCTCAGGTGG
hsa-mir-6750,GCTGTCAGGGAACAGCTGGGTGAGCTGCTGCCCCAGAGGCCCAGCAGGTGTCCAGAACTCACCCTCTGCTCCCAG
uc003zab.4,GTGGGCTTGGGTCGGTGGGGACGGGGCGGCTGGGCGTGCCCTGCGGCCACGGCTCTGA
hsa-mir-6776,CGGGCTCTGGGTGCAGTGGGGGTTCCCACGCCGCGGCAACCACCACTGTCTCTCCCCAG
hsa-mir-6825,GGGCATGGGGAGGTGTGGAGTCAGCATGGGGCTAGGAGGCCCCGCGCTGACCCGCCTTCTCCGCAG
uc009whm.3,TCTGGAGGTGGAAGGAAAGGATTGGGAGCCAGCAATACTTTCCCTCCTTTTCCAG
uc010vad.1,TGAGAAGGCACAGCTTGCACGTGACCTCCTGGGCCTGGCGGCTGTGTCTTCACAG
hsa-mir-6810,CTGGGATGGGGACAGGGATCAGCATGGCACAGATCCAATACCTTCTGTCCCCTGCTCCCTTGTTCCCCAG
hsa-mir-6748,TGGTGTGTGGGTGGGAAGGACTGGATTTGAAATGGTCCCACTCCTGACGATCCTGTCCCTGTCTCCTACAG
uc002cow.6,CGGGTGAGGGAGCGTGTGCCAGGCAGGCCGTGAGGGTCAGCACGCCCTCCTCTCCCAG
uc002cqk.5,TGAGGTGCCTGGGTCAGTGCTGATAGGGCAGTCAGGCCGCCACTGACCTGAGCATCCTGCAG
hsa-mir-6780a,GACACTTGGGAGGGAAGACAGCTGGAGAGTATGGTCACAGCAGCATCCTCCTCTGTTTTCTTTCCTAG
uc010dgk.2,TAGGTGGGGCATGTCAGGAGGAGCTGGCGGGTGCCACAGCCTCCCTGCCTATCCCTGCCCAG
uc001ojn.1,AGGGAGGGGTGGCAGGGATTCCCGCCTGTTACAGAGACTCCCCCACACCTTTCTCCCAACAG
hsa-mir-6764,CTGACTCCCAGGGTCTGGTCAGAGTTGCTGAGTGGGTTGATCTCTGGTCTTTCCTTGACAG
uc002ndi.2,TCTGCAGTGGATGGGAGAGGACACGGCTGGTGGGGATCGGGCTCAGCTGGGCCTTTCTGTCTCTGCAG
uc003skn.2,CGGGCGGAGTGGGGGCACAGGCGGAGTGGGGGCACAGGCGTAGCGGGGACAGGGTCTGTACCCTCACCTCACCCAG
uc002mgo.12,TAGGGAATGGGGAAAGGGGAGCGAGCCAGAGAAAACTGACGCCCCTCTTCCCTGCTTCCTTCCTCCAG
uc002hcs.4,TGGGTTGCAGGGTAGGTGACAGGTAGTCAGGATATTGACTCCTGCCTCTCTACTTCTGTGGCCCCAG
hsa-mir-7108,GTGTGGCCGGCAGGCGGGTGGGCGGGGGCGGCCGGTGGGAACCCCGCCCCGCCCCGCGCCCGCACTCACCCGCCCGTCTCCCCACAG
hsa-mir-6871,CTCCTCATGGGAGTTCGGGGTGGTTGCTGGAGGTCAGCACCCTGTGGCTCCCACAG
uc010xqt.1,ACAGGGGTGGGCACTGGGTCCAGCTGTCAAGGGCGCTCTGGTCACTACTGTCTCCACCCCACAG
hsa-mir-6836,GGCTCCGCAGGGCCCTGGCGCAGGCATCCAGACAGCGGGCGAATGCCTCCCCCGGCCCCGCAG
hsa-mir-6815,CACTGTAGGTGGCGCCGGAGGAGTCATTTCCCATCACTAATGGCTTCTCTTGCACACCCAG
uc001kwy.1,TCTGGATGGGGCGGGAGGCTCACTGGTTTCATGTGGCGCTCATGTGCTGACTGCTCTCCCTCCAG
hsa-mir-6792,GTAAGCAGGGGCTCTGGGTGATGTGAGGAGCAACAGGCACCCTCCTCCACAGCCCCTGCTCATTCCT
uc011mzn.13,GTGAGTGGGGACTTGGGAAGGAGCTCGGGAGCCAAGGAGGCCAGACTGTGCCAATGAGCTGCCCTGACCTCAGCCCCACTGCCCCACAG
uc004dmz.1,CACGCAGGGCCGCCAAGGCAATGGGCGGGGTACCACAGCCGAGCCTTGTCTCCCTGCAG
hsa-mir-4685,TAGCCCAGGGCTTGGAGTGGGGCAAGGTTGTTGGTGATATGGCTTCCTCTCCCTTCCTGCCCTGGCTAG
hsa-mir-6865,ATCCATAGGTGGCAGAGGAGGGACTTCAGATGCTTCATGACACCCTCTTTCCCTACCGCCTACAG
uc010cwp.5,TGAGAGGCTGAAAGGGGTCTGCGGCCCCAGCTGACCCCCGTCTTTCTCTCTAG
uc010utu.5,AGAGGAACATGGGCTCAGGACAGCGGGTGTCAGCTTGCCTGACCCCCATGTCGCCTCTGTAG
hsa-mir-6834,GTGAGGGACTGGGATTTGTGGGGCGAGGAGGGACCTGTACTAGCCATGGTTCTGATCACATATGTCCCATCCCTCCATCAG
uc002pcg.11,TTTGGAAGGGAGGAGGCAGAGACTCTGCCCCTGACCTCTGCTCCTTGTTTCCTTCCAG
hsa-mir-6761,TCTGCTCTGAGAGAGCTCGATGGCAGGTGCCTCCGTGTTGCCGAACCCTCCTACGCTGCTCTCTCACTCCAG
hsa-mir-6873,CCCAGCAGAGGGAATACAGAGGGCAATCAGGACTGGGTCATTCTCTCTGTCTTTCTCTCTCAG
uc001dxa.16,ATGGTGGGGATGTCAGGTGTGGGTTGTGAGCACACCCACCGTGACCTTGCCCACCCCAG
uc001obh.2,GAGGGGTAGGGGCCACAGAGCAGGGCACCCGGCCATCCCATCTGTGACCCCACCTCTAG
hsa-mir-6751,TCTTCTTGGGGGTGAGGTTGGTGTCTGGCCCCAGCAGCCCAGACTGAGCCTCTCTCTCTCCAG
uc003lcf.18,GTTGGGAAATGGTAGTGAAGGAAAGCTTGAGTGTAGCCTTCACCTCTATTCTTCCCTGGTAG
hsa-mir-6872,GTGGGTCTCGCATCAGGAGGCAAGGCCAGGACCCGCTGACCCATGCCTCCTGCCGCGGTCAG
hsa-mir-6739,GAATGTGGGAAAGAGAAAGAACAAGTAAAAGGAATTTTCATTTTCCAGCCCCTAATTGTTCTGTCTTTCTCCCAG
uc001zbn.2,GGGCATGGCAGGGGGAGCTGCAGGGCTGTTGGAGGGGCCCCAGCGTCTGAGCCCTGTCCTCCCGCAG
uc003xat.2,CCAGGGGGACAGGGAGAGGATGTGTGATCTTGAGCCTCACTGTCCATGTCCCCCCGACACAG
hsa-mir-6775,GAACCTCGGGGCATGGGGGAGGGAGGCTGGACAGGAGAGGGCTCACCCAGGCCCTGTCCTCTGCCCCAG
hsa-mir-6716,GAGAGGCCAAGACCTTGGGAATGGGGGTAAGGGCCTTCTGAGCCCAGGTCCGAACTCTCCATTCCTCTGCAGAGCGCTCT
uc002huk.4,TGGAGCCAGGCTGAGAAGGGGTGCCATGGAGAAGAAGGCCCTCACTCTCCCTCCTCCCCCAG
hsa-mir-6746,CTTGCCCGGGAGAAGGAGGTGGCCTGGAGAGCTGCTGTCTCCAGCCGCCGCCTGTCTCCACAG
uc011ala.1,TTAGGGAGGCGAGATTGAGCCTTTTGTGAGGTTACAAATTAAAGCTCTGTCTGTGTCTCTAG
uc002clv.14,AGGGAGTTGGTGGTGGGCATGGTGCCCTGTGTCCAGCTGGCACCCGAGCCGGCCGCCTGCCTTCCAG
uc010wsc.11,ATCGGGTGAGGGGTGTCAAAGTGCTTAGCGTGTGCTCATGTGACACTGTGCACCCAG
uc011cbz.1,TGAGGAGACTCAGCTGAGACTTTGGCTAATGTTGGGGGGTCCCTCCTGTGTCTCCCCAG
hsa-mir-6877,AGTTCAGGGCCGAAGGGTGGAAGCTGCTGGTGCTCATCTCAGCCTCTGCCCTTGGCCTCCCCAG
hsa-mir-6895,CAGCTCAGGGCCAGGCACAGAGTAAGCATCAATAGCATTGGCAAGTTGAACTGAGCTGTCTCTCGCCCTTGGCCTTAG
hsa-mir-6758,TGGGCTAGAGAGGGGAAGGATGTGATGTGAGCAGATGGTTCTCACTCATTCTCCTCTGTCCAG
hsa-mir-6741,AATGGGTGGGTGCTGGTGGGAGCCGTGCCCTGGCCACTCATTCGGCTCTCTCCCTCACCCTAG
hsa-mir-7112,ACGGGCAGGGCAGTGCACCCTGCAGGTGAGAGCGGGAACACCTGCATCACAGCCTTTGGCCCTAG
hsa-mir-6774,TGTGCACTTGGGCAGGAGGGACCCTGTATGTCTCCCCGCAGCACCGTCATCGTGTCCCTCTTGTCCACAG
uc002olt.1,TTGGGGACTCTGAGGACCTCTGGGTCTTGGTGTTTCACTGTCCTCACTGTCTTCCCAG
hsa-mir-1236,GTGAGTGACAGGGGAAATGGGGATGGACTGGAAGTGGGCAGCATGGAGCTGACCTTCATCATGGCTTGGCCAACATAATGCCTCTTCCCCTTGTCTCTCCAG
hsa-mir-6845,AACTGCGGGGCCAGAGCAGAGAGCCCTTGCACACCACCAGCCTCTCCTCCCTGTGCCCCAG
uc002mvw.6,TGGGGAGAGGAGGGGACCAGGGCTGTGAATTACCTTCCCTTCCCCACCCTCTCCTGCAG
uc003dbw.10,GTAAGTGTGGAGGGAGAGTTGGGGGAGGACGGGGGTGGAGCTGATCTGCTCCCAGGGTCTCATCCATCTCTTCTCCATGCAG
hsa-mir-6842,AGCCCTGGGGGTGGTCTCTAGCCAAGGCTCTGGGGTCTCACCCTTGGCTGGTCTCTGCTCCGCAG
uc002ola.6,CTGGAACATGGCAGAGGGCATACTAGGGGTTAACCTCCTGCCCTTTCTCATGTCCCCCCAG
hsa-mir-6760,CAGTGCAGGGAGAAGGTGGAAGTGCAGAGTGGGCTCACCTCTCGCCCACACTGTCCCCTTCTCCCCAG
uc002qlt.9,AGGGGCCTAGGCTTGAGCAGAGGGAGACTGGGTCTGGGCCCCCTGTGACGCCGCTGCCTCCCCTGGCCCCACAG
uc010tll.1,AGGCGATGTGGGGATGTAGAGACAACTTCCCAGTCTCATTTCCTCATCCTGCCAG
hsa-mir-4745,GTGAGTGGGGCTCCCGGGACGGCGCCCGCCCTGGCCCTGGCCCGGCGACGTCTCACGGTCCC
hsa-mir-5088,CCCATCAGGGCTCAGGGATTGGATGGAGGTGATGGGGGCAGGGGATGGGTCTCACCCTCCCTTCTTCCTGGGCCCTCAG
hsa-mir-6756,ACCCTAGGGTGGGGCTGGAGGTGGGGCTGAGGCTGAGTCTTCCTCCCCTTCCTCCCTGCCCAG
uc010pke.1,TAGGGAGAAGGGAGTAAACAGGAATGACCACAACCCTTTCCCGATCTCCTTTTTTCCTAG
uc003orw.1,TCGGGGAGATGAGAGACGTGTTGGCTAACCAGCTGCAGATATTCACCTCACATCTCTTGCTCTCCCCCAG
hsa-mir-6803,CTCCTCTGGGGGTGGGGGGCTGGGCGTGGTGGACAGCGATGCATCCCTCGCCTTCTCACCCTCAG
uc002lvg.5,ATCAGGGACTTGGGCGTGGGGGGCGGCCAAAGGCACCCAAGAGGCGGCTCTGCCACCCGGCCGTGTCCCTGCAG
uc002cos.37,CGGGTAGGGGGAGTCTGGGCTTCAGGCTGGGATGGGGTCTGTGGAGCTGAGGCGGCCCCCTGCCCACCAG
uc002lrj.25,AGTGCCCGCGGCCGCTCAGGCCTGCAGTCTCCGCTGAGCTCCCGCCACGCACGCAG
hsa-mir-6854,AAAGCAAGCTCAGGTTTGAGAACTGCTGATGTCATCAGTCATAACTTCTGCGTTTCTCCTCTTGAGCAG
uc003cqp.17,TGGGGTGGAGTAGGGCAGGAAACTGGCTGGAAGGTCCCCCTCACTGCCATCCTCCTTCCCCCAG
uc002vzy.2,CAGCCAGGGCTGAGGCCAGTGCTGGAAGCCTTGTGGAGCTTGTGCTGACCTCAGCTCTGTTCCCCCAG
uc001uiz.7,AGCCAGGACTGAGCTTGGCGAGCCCCTGAAGCCCAGGGGTCTCACAGACTCTTCTCCTGCAG
uc002ojz.2,GTGAGCACCGTGCTGGGTGGCAGGGAGGCCAGGGGCCCACCTAGTGCCACCTTTCCGTGACTCCTGCTGTCTCCCTGCAG
uc010vag.1,AGGGCAGAGGGAATCCCACACGGGCTGGTGGATCATGTGTGTGCATTTCTCTCCCTTCTAG
uc003bbo.2,TCTGGGTAAGGGAGCAGGGCCAGCATTCTATCTCACTGCTGTTCTCTGCTCTCCCCGCAG
hsa-mir-6807,GTGAGCCAGTGGAATGGAGAGGCTGTGGGCAGGGGGAGATGTGAAGGAAAGAACTAGGACCCATTCATCCACTGCATTCCTGCTTGGCCCAG
hsa-mir-5010,GATCCAGGGAACCCTAGAGCAGGGGGATGGCAGAGCAAAATTCATGGCCTACAGCTGCCTCTTGCCAAACTGCACTGGATTTTGTGTCTCCCATTCCCCAGAGCTGTCTGAGGTGCTTTG
uc010zyo.2,TAATGGAAAGGTACTCACAGAAAAGTTTTCTTTTTTCCTGTGTTTCACCTTCCAG
uc010vsk.1,GTGAGTGAGCTGCCGCCCTCCCAGCCACATGCCCCGAGGTGGCCCCGGGGTGCAGCCTGCTCAGC
hsa-mir-6794,GGGCGCAGGGGGACTGGGGGTGAGCAGGCCCAGAACCCAGCTCGTGCTCACTCTCAGTCCCTCCCTAG
hsa-mir-6837,GTGGGACCAGGGCCAGCAGGGAATGTCAGGGCCACCCCTGACCTTCACTGTGACTCTGCTGCAG
hsa-mir-6874,GCCACATGGAGCTGGAACCAGATCAGGCTTTAATGTTTGAAGTAATGTCAGTTCTGCTGTTCTGACTCTAG
hsa-mir-6875,GAGTCTGAGGGACCCAGGACAGGAGAAGGCCTATGGTGATTTGCATTCTTCCTGCCCTGGCTCCATCCTCAG
uc004bvw.9,GTGTGGAGGGAATGGGGGCTATGTGTGAGGGAGCAGGGCTGGGGTCCCGGGACTAAGCTCCCCCTTTTCTCCCAG
hsa-mir-6828,GGCTCAGGAAGCAAGAGAACCCTGTGGTCTAACCTTTCCCATCTGCTCTCTTGTTCCCAG
hsa-mir-6510,AGCAGCAGGGGAGAGAGAGGAGTCCTCTAGACACCGACTCTGTCTCCTGCAGAT
hsa-mir-6731,ACAGGTGGGAGAGCAGGGTATTGTGGAAGCTCCAGGTGCCAACCACCTGCCTCTATTCCCCACTCTCCCCAG
hsa-mir-6890,TGGGCCATGGGGTAGGGCAGAGTAGGGCTGGATGGTAGGGCCCACTGCCTATGCCCCACAG
hsa-mir-6847,GACCCACAGAGGACAGTGGAGTGTGAGCTGGAAGGAGTGGGCCTGGCTCATGTGTCTGTCCTCTTCCAG
uc002ewx.1,TTGAGGATGATGCAGTTCAGCTGTTCCCACTCACCAGGGCTGTAACTTCCTTTGCAG
uc003mik.1,TCAGGAGGTAGAGCAGGCAGCTGCCCAGGTCTCACACCTGCCCTCTCTGCCCTCTCT
uc010vtp.1,GTAAGGGAAGGGATAATCAGAGCTGGGTGGGGCCAGGGTGGTTTCCCCTGCCAGCCTGGCCTGACCAGCCTGTCCCCCACCCTCTGCAG
uc009zno.1,TTGGGGGAATGCTGGACATGAGTTGCGCTAGGGTTCCCGGCTCACCCCAGCCTGCCTCCACAG
uc002dfc.3,AGGGCAGAGGGAATCCCACACGTGCTGGTGGATCATGTGTGTGCATTTCTCTCCCTTCTAG
uc002pem.9,TGGGCTGTGGCAGCAGGTGGAGGCAGACAGTCACCCTGAACCCCTGTCTCTCCCTTCTGCCCACCCTCAG
hsa-mir-1226,GTGAGGGCATGCAGGCCTGGATGGGGCAGCTGGGATGGTCCAAAAGGGTGGCCTCACCAGCCCTGTGTTCCCTAG
hsa-mir-6812,TGAGGATGGGGTGAGATGGGGAGGAGCAGCCAGTCCTGTCTCACCGCTCTTCCCCTGACCCCAG
uc003vnz.3,TTGGGCTGCGAGGGACTTTGGGGGGCACTTCCTGGCATGGACACCAGCTCCCTCTCTGCCCAG
uc002jth.6,CGGGGGGGCGGGGCTCAGAGCTGCTGCTCCTCTCTGCTGACCCTCTGTGTTCCGCCCACCCAG
hsa-mir-4701,CCTTGGCCACCACACCTACCCCTTGTGAATGTCGGGCAATGGGTGATGGGTGTGGTGTCCACA
uc002pkp.4,CGGCGGTGCTAGGGGGTGAGAGGTAACATCTTCCACCCCTTACACCTGCCCTAG
hsa-mir-6884,CCCGCAGAGGCTGAGAAGGTGATGTTGGCTCAAGAAAGGGAGATAGATGGTAGCCCATCACCTTTCCGTCTCCCCTAG
hsa-mir-6768,CCAGGCACACAGGAAAAGCGGGGCCCTGGGTTCGGCTGCTACCCCAAAGGCCACATTCTCCTGTGCACACAG
hsa-mir-6783,CCTGTTAGGGGAAAAGTCCTGATCCGGGAACCCACAGCCCCGTTCCTGGGCTTCTCCTCTGTAG
hsa-mir-6786,GCCGGGTGGGGCGGGGCGGCCTCAGGAGGGGCCCAGCTCCCCTGGATGTGCTGCGGTGGGGCCGGAGGGGCGTCACGTGCACCCAAGTGACGCCCCTTCTGATTCTGCCTCAG
uc002jni.10,TGTGACCTGGTGGAAGTGGAAAGACAGTCAAGTGACGCTCTCTTTCTCTTGAACTTCTTCACTGGGGCAG
hsa-mir-6747,TTTGGAGGGGTGTGGAAAGAGGCAGAACATTCGTTCACTTTCCTGCCTTCCTCTGCACCAG
uc001okr.2,TGCATGGGACAGGAGAGCTTGTTGCAGAGATGTGATGCTAGGCTGAGGTGTCTTATCCCATGCAG
uc003slx.1,TGGGGCGGACAGCGCATACCTGCCTAGCCTTACAGTGTGGGTATGTGCCAACGGCCCTCTCTCACTCAG
hsa-mir-6848,GTCCCTGGGGGCTGGGATGGGCCATGGTGTGCTCTGATCCCCCTGTGGTCTCTTGGCCCCCAGGAACTCC
hsa-mir-6887,GAGAATGGGGGGACAGATGGAGAGGACACAGGCTGGCACTGAGGTCCCCTCCACTTTCCTCCTAG
hsa-mir-1228,GTGGGCGGGGGCAGGTGTGTGGTGGGTGGTGGCCTGCGGTGAGCAGGGCCCTCACACCTGCCTCGCCCCCCAG
uc011ktd.1,TGGGGGGATAGAGGCATGGAATAGGTGCTCTGACCTCTGACCCTCTAG
hsa-mir-6735,GCAGCCAGGGCAGAGGGCACAGGAATCTGAGGTGACTGGCACAGAAGACTCAGGCCTGTGGCTCCTCCCTCAG
hsa-mir-6791,CCAGACCCCTGGGGCTGGGCAGGCGGAAAGAGGTCTGAACTGCCTCTGCCTCCTTGGTCTCCGGCAG
uc001pyp.0,TCAGGGAGAAAGAAGGGTTATTAACATTAAAAGAACTTGCAGTAATTCCTTTTTCTCTTCCTCAG
hsa-mir-4632,GAGGGCAGCGTGGGTGTGGCGGAGGCAGGCGTGACCGTTTGCCGCCCTCTCGCTGCTCTAG
hsa-mir-6736,CTGAGCTGGGTGAGGGCATCTGTGGTTTGCTGGCTGCCTCAGCTCCTCTCTACCCACAG
hsa-mir-6733,GTGCTTGGGAAAGACAAACTCAGAGTTCCCTTCTTGTGAGCTCAGTGTCTGGATTTCCTAG
uc002mwj.8,GTTGGGGTGTCGTGGTCACGCTGGGAACTCGTGGCCACTGGTACCCCCCACAG
hsa-mir-6839,TGTAGTCTGGATTGAAGAGACGACCCAAGCAGGCTTTGTGTGAGCAGTGAGGCTATTTATTCACTTGGGTGCGAGCTCACACGAAGCCTGCTTGGGTTTTCTCTTCAATCCAG
hsa-mir-6826,CTTGGTCAATAGGAAAGAGGTGGGACCTCCTGGCTTTTCCTCTGCAGCATGGCTCGGACCTAGTGCAATGTTTAAGCTCCCCTCTCTTTCCTGTTCAG
hsa-mir-6753,CACCAGGGCAGAGCAGGGCTGATCATCTCACGTCAGAGAGAGGGGAAGGGGCTGCCCAGTGAGCCCCCACAGGGCTCTACATCTCCAGCTGGGCCTGGCTGGAGATCCCAGGGTCCCTGAAGGCCCCCGCCACCGTTCTGGTCTGTCTCTGCCCTGGCACCCAG
hsa-mir-6784,TACAGGCCGGGGCTTTGGGTGAGGGACCCCCGGAGTCTGTCACGGTCTCACCCCAACTCTGCCCCAG
uc011mbg.9,TCGGAGGCATTGGGGCTGACCTCATCTCCCTGACCATGTCTCCTATGCCCCCAAG
uc009zbe.10,TGGAGGGGAAACTTGGATTGGGGAGAGGGCTCTGCCCTCCCTTCCTCATTCCAGGGCTCTCCTCTACCCTTAG
hsa-mir-6732,AGGCCTAGGGGGTGGCAGGCTGGCCATCAGTGTGGGCTAACCCTGTCCTCTCCCTCCCAG
