TGGGGTGGAGTAGGGCAGGAAACTGGCTGGAAGGTCCCCCTCACTGCCATCCTCCTTCCCCCAG,TRUE
GGTATTTAAAAGGTAGATTTTCCTTCTATGGTTACGTGTTTGATGGTTAATCATAGAGGAAAATCCACGTTTTCAGTATC,FALSE
TGTCCCTTCAGCCAGTCCTGTGCCTGCCGCCTTTGTGCTGTCCTTGGAGGGAGGCAGAAGCAGGATGACAATGAGGGCAA,FALSE
ACGCAAAATGAACTGAACCAGGAGTGAGCTTCGTGTACATTATCTATTAGAAAATGAAGTACCTTCTGGTTCAGCTAGTCCCTGTGCGT,FALSE
TGCTGCTGGCCAGAGCTCTTTTCACATTGTGCTACTGTCTGCACCTGTCACTAGCAGTGCAATGTTAAAAGGGCATTGGCCGTGTAGTG,FALSE
AGCAGGGGCTGCTGGAAGGAGAGAGGTGGCTGGAGCCTGACCCCCCCGCCAACCCCCTCTGCAG,TRUE
TGTTTTAGGGTAGACACTGACAACGTTATGTGTGGTCTTTAACCTGTTGTCATGTTTTTTCCCTAG,TRUE
TTGGTACTTGGAGAGAGGTGGTCCGTGGCGCGTTCGCTTTATTTATGGCGCACATTACACGGTCGACCTCTTTGCAGTATCTAATC,FALSE
GAGGGTTGGGGTGGAGGGCCAAGGAGCTGGGTGGGGTGCCAAGCCTCTGTCCCCACCCCAG,TRUE
TTGTGGGAACAGAGGGGTGGGTACATATCTGAAGGTGCATCTGAACTCTTGGCTCCCACAG,TRUE
TGGCAGGGGGTGGAATTGTGACACCTGGATCCTAGCCTCCTTTCTCTTTCCTCCTCCTCCAG,TRUE
ACTCGGATGGATATAATACAACCTGCTAAGTGTCCTAGCACTTAGCAGGTTGTATTATCATTGTCCGTGTCT,FALSE
CAGATCTCAGACATCTCGGGGATCATCATGTCACGAGATACCAGTGTGCACTTGTGACAGATTGATAACTGAAAGGTCTGGGAGCCACTCATCTTCA,FALSE
TGAGGGCCTCTGGGGAGCACCTGCTGCTGTGAACATGTGTTCCTGTCTCCACCCTGCAG,TRUE
TCGGGGAGATGAGAGACGTGTTGGCTAACCAGCTGCAGATATTCACCTCACATCTCTTGCTCTCCCCCAG,TRUE
AGATGTGCTCTCCTGGCCCATGAAATCAAGCGTGGGTGAGACCTGGTGCAGAACGGGAAGGCGACCCATACTTGGTTTCAGAGGCTGTGAGAATAA,FALSE
GGGCATGGCAGGGGGAGCTGCAGGGCTGTTGGAGGGGCCCCAGCGTCTGAGCCCTGTCCTCCCGCAG,TRUE
AGGGCAGAGGGAATCCCACACGTGCTGGTGGATCATGTGTGTGCATTTCTCTCCCTTCTAG,TRUE
CGGGGGGGCGGGGCTCAGAGCTGCTGCTCCTCTCTGCTGACCCTCTGTGTTCCGCCCACCCAG,TRUE
AGCAATTGGAGAAGATTGCAGAGTAAGTTCCTGATTAAGAAATGGAATTTACTCTGCAATCTTCTCCAATTGCT,FALSE
AAGGTTGCGGTGCATGTGATGAAGCAAATCAGTATGAATGAATTCATGATACTGTAAACGCTTTCTGATGTACTACTCA,FALSE
TAGGGAGAAGGGAGTAAACAGGAATGACCACAACCCTTTCCCGATCTCCTTTTTTCCTAG,TRUE
GTAGTCAGTAGTTGGGGGGTGGGAACGGCTTCATACAGGAGTTGATGCACAGTTATCCAGCTCCTATATGATGCCTTTCTTCATCCCCTTCAA,FALSE
TAGGCACACTTAAAGTTATAGCTACATCAGTTATAACTATATCAGTTAAAACTTTAAGTGTGCCTAGG,FALSE
TGTTTTGAGCGGGGGTCAAGAGCAATAACGAAAAATGTTTGTCATAAACCGTTTTTCATTATTGCTCCTGACCTCCTCTCATTTGCTATATTCA,FALSE
AGGGTTGGGGGGACAGGATGAGAGGCTGTCTTCATTCCCTCTTGACCACCCCTCGTTTCTTCCCCCAG,TRUE
CGGGGTGAGGTAGTAGGTTGTGTGGTTTCAGGGCAGTGATGTTGCCCCTCGGAAGATAACTATACAACCTACTGCCTTCCCTG,FALSE
CTGTGGTGCATTGTAGTTGCATTGCATGTTCTGGTGGTACCCATGCAATGTTTCCACAGTGCATCACAG,FALSE
AGGGCAGAGGGAATCCCACACGGGCTGGTGGATCATGTGTGTGCATTTCTCTCCCTTCTAG,TRUE
GGTACCTGAGAAGAGGTTGTCTGTGATGAGTTCGCTTTTATTAATGACGAATATAACACAGATGGCCTGTTTTCAGTACC,FALSE
GACTCGGCTGCGGTGGACAAGTCCGGCTCCAGAACCTGGACACCGCTCAGCCGGCCGCGGCAGGGGTC,FALSE
TCTCAGGCTGTGACCCTCTAGAGGGAAGCGCTTTCTGTTGGCTAAAAGAAAAGAAAGCGCTTCCCTTCAGAGTGTTAACGCTTTGAGA,FALSE
TTGCCATACATAGACTTTATTGTGTTGATCAACAATAAAGTTCATGTATGGCAA,FALSE
TAGGCTGGATGGGGCTGGGCTGGGCAAGGCTGAGCAAAGCCAGCCCATTAACCCCTGTCCTCTCCTGCCCTTAG,TRUE
TTGGGGACTCTGAGGACCTCTGGGTCTTGGTGTTTCACTGTCCTCACTGTCTTCCCAG,TRUE
TGTGCAAAAGTAATTGTGGTTTTTGTCATTTAAAAGTAATGGCAAAAACTGCAATTACTTTCACACC,FALSE
GCAAAGCAGCAATTGTTCTTTGGTCTTTCAGCCATGACCTGACCTTCTGTCTGTGAGACCAAAGAACTACTTTGCTTGGC,FALSE
GCTAAGCACTTACAACTGTTTGCAGAGGAAACTGAGACTTTGTAACTATGTCTCAGTCTCATCTGCAAAGAAGTAAGTGCTTTGC,FALSE
TCTCAGCCTGTGACCCTCTAGAGGGAAGCGCTTTCTGTTGTCTGAAAGAAAAGAAAGTGCATCTTTTTAGAGGATTACAGTTTGAGA,FALSE
AGGGAGTTGGTGGTGGGCATGGTGCCCTGTGTCCAGCTGGCACCCGAGCCGGCCGCCTGCCTTCCAG,TRUE
GCAGAATTATTTTTGCAATATGTTCCTGAATATGTAATATAAGTGTATTGGGATCATTTTGCATCCATAGTTTTGTAT,FALSE
TGGCCTGGTCAGAGGCAGCAGGAAATGAGAGTTAGCCAGGAGCTTTGCATACTCACCCCTGCCACTCACTGGCCCCCAG,TRUE
AGATTCAGCTTTCCCTTCAGAGCCTGGCTTTGGCATCTATGAAAGCCAGGCTCTGAAGGGAAAGTTGAATCT,FALSE
CAATGTGACATCGCTTTACCATTCATGTTCACTGAAAGGTAGATTTTAAAAACATGAATGGTAAAGCGATGTCACATTG,FALSE
AACATGTTGTCTGTGGTACCCTACTCTGGAGAGTGACAATCATGTATAATTAAATTTGATTGACACTTCTGTGAGTAGAGTAACGCATGACACGTACG,FALSE
TTTGGTACTTAAAGAGAGGATACCCTTTGTATGTTCACTTGATTAATGGCGAATATACAGGGGGAGACTCTCATTTGCGTATCAAA,FALSE
AAGGGAAGGAGGCTGGGGACCCCTGGGCCATTGCATGGACTTCCCACCTTCCCTCCTGAAG,TRUE
TATGGTACTCCTTAAGCTAACAGGCCCCTGTCACCATTAGCTTAAGGAGTACCAGATC,FALSE
ACCTCCCAAATATATATATATATGTACGTATGTGTATATAAATGTATACGTAGATATATATGTATTTTTGGTGGGTTT,FALSE
TCTCAAGCTGTGGGTCTGCAAAGGGAAGCCCTTTCTGTTGTCTAAAAGAAGAGAAAGCGCTTCCCTTTGCTGGATTACGGTTTGAGA,FALSE
TGGAGTTTGGGAAAGATTGGCAGCCCAAGGTTTAAACCATTCTTCCTCTTTGCTCCAG,TRUE
TGACTCCTCCAGGTCTTGGAGTAGGTCATTGGGTGGATCCTCTATTTCCTTACGTGGGCCACTGGATGGCTCCTCCATGTCTTGGAGTAGATCA,FALSE
GACTCAGAAGACAGAGTGCCACTTACTGAAAGGTTTTTTCTCTCAGTAAGTGGCACTCTGTCTTCTGAGTT,FALSE
GTGCTTGGGAAAGACAAACTCAGAGTTCCCTTCTTGTGAGCTCAGTGTCTGGATTTCCTAG,TRUE
AAGCCTGGCATATTTGGTATAACTTAAGCACCAGGTAAAATCTGGTGCTTAAGTTGTACCAAGTATAGCCAAGTTT,FALSE
ACTGGCATTAGTGGGACTTTTTTTTTTTTTTTTTTTAATGTTAAAAGTCCCACTAATGCCAGC,FALSE
ACTGTCATCCCACTGCTTCCAGCTTCCATGACTCCTGATGGAGGAATCACATGAATTCATCAGAATTCATGGAGGCTAGAAGCAGTATGAGGATCATTTA,FALSE
TCTCATGCTGTGACCCTCTAGAGGGAAGCACTTTCTCTTGTCTAAAAGAAAAGAAAGCGCTTCTCTTTAGAGGATTACTCTTTGAGA,FALSE
GTGAGGACTCGGGAGGTGGAGGGTGGTGCCGCCGGGGCCGGGCGCTGTTTCAGCTCGCTTCTCCCCCCACCTCCTCTCTCCTCAG,TRUE
GAGTTGGGAGGTTCCCTCTCCAAATGTGTCTTGATCCCCCACCCCAAGACACATTTGGAGAGGGACCCTCCCAACTC,FALSE
GTTGTCTGTGGTACCCTACTCTGGAGAGTGACAATCATGTATAACTAAATTTGATTGACACTTCTGTGAGTAGAGTAACGCATGACAC,FALSE
GAGGGTGTTGATCAGCAGATCAGGACTGTAACTCACCATAGTGGTGGACTGCCCTGATCTGGAGACCACTGCCTT,FALSE
GGATGCCACATTCAGCCATTCAGTGTGCAGTGCCTTTCACAGGGAGGTGTCATTTATGTGAACTAAAATATAAATTTCACCTTTCTGAGAAGGGTAATGTACAGCATGCACTGCATATGTGGTGTCC,FALSE
AGGTTGGTGCAAAAGTGATTGCAGTGTTTGCCAATAAAAGTAATGACAAAAACTGCAGTTACTTTTGCACCAGCCC,FALSE
GCTCCCTTCAACTTTAACATGGAAGTGCTTTCTGTGACTTTAAAAGTAAGTGCTTCCATGTTTTAGTAGGAGT,FALSE
AGCCTTCCAGGAGAAATGGAGACCCTATACATACCTGTTTCCATGCCTCCTAGAAGTTCC,FALSE
CTAGATAAGTTATTAGGTGGGTGCAAAGGTAATTGCAGTTTTTCCCATTATTTTAATTGCGAAAACAGCAATTACCTTTGCACCAACCTGATGGAGT,FALSE
TAGCCAGTCAGAAATGAGCTTATTCATAAAAGTGCAGTATGGTGAAGTCAATCTGTAATTTTATGTATAAGCTAGTCTCTGATTGAAACATGCAGCA,FALSE
TACTTATTACTGGTAGTGAGTCTCTAAGAAAAGAGGAGGTGGTTGTTTTCCTCCTCTTTTCTTTGAGACTCACTACCAATAATAAGAAATACTACTA,FALSE
TTGTCCAATTCTCTGAGCAAGGCTTAACACCAAAGGGTTAAGGGTTTGCTCTGGAGTTAAGGGTTGCTTGGAGAATTGGAGAA,FALSE
CTGGCCAGGAACTTTTGGGATGGGGACACCACCTCTCAGCCCTCCCTCTCTTCCTGGCCCCAG,TRUE
CCTTAATCCTTGCAACGAACCTGAGCCACTGATTCAGTAAAATACTCAGTGGCACATGTTTGTTGTGAGGGTCAAAAGA,FALSE
TATGCTCTTACCATTAGAAGAGCTGGAAGAAGGCTGAGGGAGATGCCTTCTTCCAGCCCTTCTAATGGTAGGAGCAT,FALSE
TAGGGTGACCAGCCATTATGGTTTGCCTGGGACTGAGGAATTTGCTGGGATATGTCAGTTCCAGGCCAACCAGGCTGGTTGGTCTCCCTGAAGCAAC,FALSE
CTGGCCTCCAGGGCTTTGTACATGGTAGGCTTTCATTCATTCGTTTGCACATTCGGTGAAGGTCTACTGTGTGCCAGGCCCTGTGCCAG,FALSE
TGGGTTGCAGGGTAGGTGACAGGTAGTCAGGATATTGACTCCTGCCTCTCTACTTCTGTGGCCCCAG,TRUE
TGGTACTCGGGGAGAGGTTACCCGAGCAACTTTGCATCTGGACGACGAATGTTGCTCGGTGAACCCCTTTTCGGTATCA,FALSE
GTAAGGAGGGGGATGAGGGGTCATATCTCTTCTCAGGGAAAGCAGGAGCCCTTCAGCAGGGTCAGGGCCCCTCATCTTCCCCTCCTTTCCCAG,TRUE
GGCTGGGTGCTCTTGTGCAGTGAGCAACCTACACAACTGCACATGGCAACCTAGCTCCCA,FALSE
GGAGGCCCGTTTCTCTCTTTGGTTATCTAGCTGTATGAGTGCCACAGAGCCGTCATAAAGCTAGATAACCGAAAGTAGAAATGATTCTCA,FALSE
GTGGCAGCTTGGTGGTCGTATGTGTGACGCCATTTACTTGAACCTTTAGGAGTGACATCACATATACGGCAGCTAAACTGCTAC,FALSE
AGGAAGATGGCGGGGAGTAGTACTTCCCCGGAGCATAGATGTGGTTGAAGCTGCACCCTGTCCCCTCTTCCAG,TRUE
GAGCAAAAACCAGAGAACAACATGGGAGCGTTCCTAACCCCTAAGGCAACTGGATGGGAGACCTGACCCATCCAGTTCTCTGAGGGGGCTCTTGTGTGTTCTACAAGGTTGTTCA,FALSE
TCTCAAGCTGTGACTGCAAAGGGAAGCCCTTTCTGTTGTCTGAAAGAAGAGAAAGCGCTTCCCTTTGCTGGATTACGGTTTGAGA,FALSE
CAGAGTGGGAGCTCTAGAAAGATTGTTGACCAATCATCTTATTGACTAGACCATCTTTCTAGAGTATAACTATTTT,FALSE
GACTGGGATGTCACTGAATATGGTGTTTGTGAGTTGATTGACATCGTATCAGAGATTCCAGACACA,FALSE
ACCGCAGGGAAAATGAGGGACTTTTGGGGGCAGATGTGTTTCCATTCCACTATCATAATGCCCCTAAAAATCCTTATTGCTCTTGCA,FALSE
GTGAGGAGGGGCTGGCAGGGACCCCTCCAAGTTGGGGACGGCAGCCAGCCCCTGCTCACCCCTCGCC,TRUE
GTGTCCTCACTTGTCCACTTCTGCCTGCCCTGCCCAAATGGTGGAGCAGATTCGAGGGGCAGGGCAGGAAGAAGTGGACAAGTGAGGCCAT,FALSE
GCTCGACTCCTGTTCCTGCTGAACTGAGCCAGTGTGTAAAATGAGAACTGATATCAGCTCAGTAGGCACCGGAGGGCGGGT,FALSE
CCTGTTAGGGGAAAAGTCCTGATCCGGGAACCCACAGCCCCGTTCCTGGGCTTCTCCTCTGTAG,TRUE
CCTGCAGGCAGAAGTGGGGCTGACAGGGCAGAGGGTTGCGCCCCCTCACCATCCCTTCTGCCTGCAG,FALSE
ATCTGTGCTCTTTGATTACAGTTGTTCAACCAGTTACTAATCTAACTAATTGTAACTGGTTGAACAACTGAACCCAAAGGGTGCAAAGTAGAAACATT,FALSE
ATTGCCCAGTTCTGGATATGAAGACAATCAAGAAAAGATTTGGTGTTCTTGATTGTCTTCATATCTAGAACTGGGCAGT,FALSE
CCGGGACCCAGTTCAAGTAATTCAGGATAGGTTGTGTGCTGTCCAGCCTGTTCTCCATTACTTGGCTCGGGGACCGG,FALSE
GACTAAGGGTGGGATGAGGGATTGAAGTGGAGCAGGAATGCGCTTTTCTCCACTGAATCCTCTTTTCCTCAGGTGG,TRUE
GTAAGTGTGGAGGGAGAGTTGGGGGAGGACGGGGGTGGAGCTGATCTGCTCCCAGGGTCTCATCCATCTCTTCTCCATGCAG,TRUE
AAGGACTTCAGTGGGATTTCTGAGTAGCATCCTTGGAATCTGCACTCAAGGGATGCTACTCGGAAATCCCACTGAAGTCCTTTT,FALSE
TGGTACTTGGAGAGATAGTAGACCGTATAGCGTACGCTTTATCTGTGACGTATGTAACACGGTCCACTAACCCTCAGTATCAAATCCATCCCCGAG,FALSE
CTGTGGGGTGGGGGTGCAGGCGCTTCTCCTTTAGCTGTGCCGCACTTCTCCCTACAG,TRUE
GTGCCCCAAGGAAGGAGGCTGGACATCCCTCATCTGTTTCTCACTGGTGTCTTTCTTCTCTCCCTTGCAG,TRUE
CCTAGGAAGAGGTAGTAGGTTGCATAGTTTTAGGGCAGGGATTTTGCCCACAAGGAGGTAACTATACGACCTGCTGCCTTTCTTAGG,FALSE
GTGTGCCACCTGCGTGTTTTCTGTCCAAATCAGAAAAGGATTTGGACAGAAAACACGCAGGAAGAAGGAA,FALSE
AGGTCATAGAAAGACATAGTTGCAAGATGGGATTAGAAACCATATGTCTCATCAGCACCCTATGTCCTTTCTCTGCCCT,FALSE
GCATCCTCAGGACCTGGGCTTGGGTGGTAGGAGGAATTGGTGCTGGTCTTTCATTTTGGATTTGACTCCAGCCCCACAGCCTCAGCCACCCCAGCCAATTGTCATAGGAGC,FALSE
TGGGCAGGGGTGACTTGGAGAGAGTGACTTGCGGGGGACACCCTCTCACCCGGCCCCTCGTGCCCCAG,TRUE
TACTTACTCTACGTGTGTGTCACTCGATGACCACTGTGAAGACAGTAAAATGTACAGTGGTTCTCTTGTGGCTCAAGCGTAATGTAGAGTACTGGTC,FALSE
CTGTGGGCTGGGCCAGGGAGCAGCTGGTGGGTGGGAAGTAAGATCTGACCTGGACTCCATCCCACCCACCCCCTGTTTCCTGGCCCACAG,TRUE
GTGGTACTTGAAGATAGGTTATCCGTGTTGCCTTCGCTTTATTTGTGACGAATCATACACGGTTGACCTATTTTTCAGTACCAA,FALSE
GTGAGGGACTGGGATTTGTGGGGCGAGGAGGGACCTGTACTAGCCATGGTTCTGATCACATATGTCCCATCCCTCCATCAG,TRUE
AAAGATGGAAGGGAAAATGCTCATGATGTATGATAAGAATCACGATGGATGTACGTGTGCACTTTTCCTTCTGCCTTCAG,TRUE
TGAGGGCCCCTCTGCGTGTTCACAGCGGACCTTGATTTAATGTCTATACAATTAAGGCACGCGGTGAATGCCAAGAGAGGCGCCTCC,FALSE
GGGTAAGTGGAAAGATGGTGGGCCGCAGAACATGTGCTGAGTTCGTGCCATATGTCTGCTGACCATCACCTTTAGAAGCCC,FALSE
GAGGGTGGGCGAGGGCGGCTGAGCGGCTCCATCCCCCGGCCTGCTCATCCCCCTCGCCCTCTCAG,TRUE
AGGATTCTGCTCATGCCAGGGTGAGGTAGTAAGTTGTATTGTTGTGGGGTAGGGATATTAGGCCCCAATTAGAAGATAACTATACAACTTACTACTTTCCCTGGTGTGTGGCATATTCA,FALSE
CCAAGGGCACACCGGGGATGGCAGAGGGTCGTGGGAAAGTGTTGACCCTCGTCAGGTCCCCGGGGAGCCCCTGG,FALSE
GTGCAGATCCTTGGGAGCCCTGTTAGACTCTGGATTTTACACTTGGAGTGAACGGGCGCCATCCCGAGGCTTTGCACAG,FALSE
GTAGGAAGCATGGACAGAGTAAGAACTTGTGTGTGGAGAGAATACTGCTTCCATGTTCCTAATACCTGTT,TRUE
TATGTCCTTTGTAAACAAATAGCAAGAGATTAATGGATGTGTTTTGCTGTTTGCATTGGACAG,TRUE
ATGAGCGGGTGGGAGCAGATCTTATTGAGAGTTCCTTCTCCTGCTCCTGATTGTCTTCCCCCACCCTCACAG,TRUE
AAAGATCCTCAGACAATCCATGTGCTTCTCTTGTCCTTCATTCCACCGGAGTCTGTCTCATACCCAACCAGATTTCAGTGGAGTGAAGTTCAGGAGGCATGGAGCTGACA,FALSE
TTAGGGAGGCGAGATTGAGCCTTTTGTGAGGTTACAAATTAAAGCTCTGTCTGTGTCTCTAG,TRUE
GTGAGTGTGGATTTGGCGGGGTTCGGGGGTTCCGACGGCGACCTCGGCGACCCCTCACTCACC,TRUE
AAACTTTGATTCTCTCTGGATCCCATGGATATGGGAACTGTGATGTCCAGGAGATCCAGAGAGAATCAGAGTTT,FALSE
GGGGCCAGGCAGGGAGGTGGGACCATGGGGGCCTTGCTGTGTGACCACCGTTCCTGCAG,TRUE
GCAGGTGAACTGGCAGGCCAGGAAGAGGAGGAAGCCCTGGAGGGGCTGGAGGTGATGGATGTTTTCCTCCGGTTCTCAGGGCTCCACCTCTTTCGGGCCGTAGAGCCAGGGCTGGTGC,FALSE
GGAGATGGTGAGGGCAGGGAGTGTGCTGAGTCATGCCTTGCCCTCTCCCTCTAG,TRUE
GCCATGGTGTTTAGATTGAACATGAAGTTAGAATTCTTAAGTATCAAAACTAAATTCATGTTCAATCTAAACCCCATGGC,FALSE
GACGGCTGGGAGAAGAGTGGTGAAGAAGAGTATTGATTGTGCTGTTCGCCACTTCCCTCCCTGCAG,TRUE
CCTAGAATGTTATTAGGTCGGTGCAAAAGTAATTGCGAGTTTTACCATTACTTTCAATGGCAAAACTGGCAATTACTTTTGCACCAACGTAATACTT,FALSE
AAACTAATATACCCATATTCTGATGATCACCTAGCCAGAATATGGGTATATTAGTTTGG,FALSE
TCAGCATTCATTGGCACCAGAGATGAAATTGGGACTCCTCTGTGCTACTGGATGAAGAGT,FALSE
ACCCGGCAGTGCCTCCAGGCGCAGGGCAGCCCCTGCCCACCGCACACTGCGCTGCCCCAGACCCACTGTGCGTGTGACAGCGGCTGATCTGTGCCTGGGCAGCGCGACCC,FALSE
CCGGGCCCCTGTGAGCATCTTACCGGACAGTGCTGGATTTCCCAGCTTGACTCTAACACTGTCTGGTAACGATGTTCAAAGGTGACCCGC,FALSE
TTGTACCTGGTGTGATTATAAAGCAATGAGACTGATTGTCATATGTCGTTTGTGGGATCCGTCTCAGTTACTTTATAGCCATACCTGGTATCTTA,FALSE
AGGGGCCTAGGCTTGAGCAGAGGGAGACTGGGTCTGGGCCCCCTGTGACGCCGCTGCCTCCCCTGGCCCCACAG,TRUE
TGGGGAGGGTGTGAGAGAGGTGCCCAAAGGCCCCTAAAAGGTGAGCCTCTCCTCTCTCCCCACAG,TRUE
CCCGCAGAGGCTGAGAAGGTGATGTTGGCTCAAGAAAGGGAGATAGATGGTAGCCCATCACCTTTCCGTCTCCCCTAG,TRUE
TGGTTCCCGCCCCCTGTAACAGCAACTCCATGTGGAAGTGCCCACTGGTTCCAGTGGGGCTGCTGTTATCTGGGGCGAGGGCCAG,FALSE
CTGTTAATGCTAATCGTGATAGGGGTTTTTGCCTCCAACTGACTCCTACATATTAGCATTAACAG,FALSE
GGAGAGGAGGCAAGATGCTGGCATAGCTGTTGAACTGGGAACCTGCTATGCCAACATATTGCCATCTTTCC,FALSE
CGGGGCACCCCGCCCGGACAGCGCGCCGGCACCTTGGCTCTAGACTGCTTACTGCCCGGGCCGCCCTCAGTAACAGTCTCCAGTCACGGCCACCGACGCCTGGCCCCGCC,FALSE
CACCCAGATCAGTGCTTGGCACCTAGCAAGCACTCAGTAAATATTTGTTGAGTGCCTGCTATGTGCCAGGCATTGTGCTGAGGGCT,FALSE
GAACCTCGGGGCATGGGGGAGGGAGGCTGGACAGGAGAGGGCTCACCCAGGCCCTGTCCTCTGCCCCAG,TRUE
AGTTGGTGCAAAAGTAATTGCGGTTTTTGCCGTCGAAAATAATGGCAAAAACTGCAGTTACTTTTGTACCAATG,FALSE
GGCCTCAGGCAGGCGCACCCGACCACATGCATGGCTGGTGGCGGCGTGCAGGGGTCGGGTGGGCCAGGCTGTGGGGCG,FALSE
TGGGCTAGAGAGGGGAAGGATGTGATGTGAGCAGATGGTTCTCACTCATTCTCCTCTGTCCAG,TRUE
CTGTTGACGTTGCCATGTCTAAGAAGAAAATTTTTCTCCAAAGTTTTCTTCTTAGACATGGCAGCTTCAGCAG,FALSE
GATGCACCCAGTGGGGGAGCCAGGAAGTATTGATGTTTCTGCCAGTTTAGCGTCAACACTTGCTGGTTTCCTCTCTGGAGCATC,FALSE
CCTGCCTGCAGAAAGGAGCTATCCACTCCAGGTGTCCTTTCTTCTGAGAGCTGGACACTTGTTGGGATGACCTGCCTGCAGGTAGG,FALSE
TTGTTGCTATCTAGGTTAGTGAAGGCTATTTTAATTTTTTTAAAATTTCTTTCACTACTTAGG,TRUE
AGGCTGAGGTAGTAGTTTGTACAGTTTGAGGGTCTATGATACCACCCGGTACAGGAGATAACTGTACAGGCCACTGCCTTGCCA,FALSE
TCTGGCCTCTGCAGCCACACGGCAGAAGTGACAGCTGTGGGCTCTGGTGGCTGCAG,TRUE
AGGTTGAGGTAGTAGGTTGTATAGTTTAGAATTACATCAAGGGAGATAACTGTACAGCCTCCTAGCTTTCCT,FALSE
AAGTACAACTTCGGTATACTTTGTGAATTGGCTTTTACAAAAGACCAACTCACGAAGTATACCGAAGTCATACTT,FALSE
CGGGTAGGGGGAGTCTGGGCTTCAGGCTGGGATGGGGTCTGTGGAGCTGAGGCGGCCCCCTGCCCACCAG,TRUE
TCTCAGGCTGTCGTCCTCTAGAGGGAAGCACTTTCTGTTGTCTGAAAGAAAAGAAAGTGCTTCCTTTTAGAGGGTTACCGTTTGAGA,FALSE
GTGAGTGGGAGCCCCAGTGTGTGGTTGGGGCCATGGCGGGTGGGCAGCCCAGCCTCTGAGCCTTCCTCGTCTGTCTGCCCCAG,FALSE
TGGGATGTTTCTGGGTGGTTGGCCCTGGGTCTGGTCTGAACACCCTCTGCGTCCCCCAG,TRUE
TGTGTTAAGGTGCATCTAGTGCAGTTAGTGAAGCAGCTTAGAATCTACTGCCCTAAATGCCCCTTCTGGCA,FALSE
CCAGGGCCACATAGTCACATAGTCACATAGTCACATGTGTCTGTGTCTGCCCAG,TRUE
TCTGGGGTCTTGGGCCATCTGGTTGTGACATCACTGATGGCCCAAGACCTCAGACC,FALSE
AGTTCAGGGCCGAAGGGTGGAAGCTGCTGGTGCTCATCTCAGCCTCTGCCCTTGGCCTCCCCAG,TRUE
TCTTCCCCATGGATGTGGAAGGAGTTATCTGTCACCAGTCAGATAACTGTCACCAGTCAGTTAACTCCTTTCACACCCATGGGGAAGA,FALSE
ACGGATTGGGAAAGGAGGTTGAAGAAGGAGAAAAGTTCGACTTCAGTCTTCCACTTCCTATTTCCACCCAG,TRUE
CCGCTTGCCTCGCCCAGCGCAGCCCCGGCCGCTGGGCGCACCCGTCCCGTTCGTCCCCGGACGTTGCTCTCTACCCCGGGAACGTCGAGACTGGAGCGCCCGAACTGAGCCACCTTCGCGGACCCCGAGAGCGGCG,FALSE
CTGAGGAGCAGGGCTTAGCTGCTTGTGAGCAGGGTCCACACCAAGTCGTGTTCACAGTGGCTAAGTTCCGCCCCCCAG,FALSE
ATCAGGGACTTGGGCGTGGGGGGCGGCCAAAGGCACCCAAGAGGCGGCTCTGCCACCCGGCCGTGTCCCTGCAG,TRUE
AGGGAGGCTGAGGGAAGGGACTCAGGCTGCTATCGTCACTGTCCCCATCCTTCCAG,TRUE
GAGTCTGAGGGACCCAGGACAGGAGAAGGCCTATGGTGATTTGCATTCTTCCTGCCCTGGCTCCATCCTCAG,TRUE
AAACGGTGTGGAAGATGGGAGGAGAAAAATCCCTGTTAACTTTCTCTCTCCACTTCCTCAG,TRUE
AGAGCCGGGGCCATGGAGCAGCCTGTGTAGACGGGGACCTGCCCTGCATGGGCACCCCCTCACTGGCTGCTTCCCTTGGTCTCCAG,TRUE
GATGGCTGTGAGTTGGCTTAATCTCAGCTGGCAACTGTGAGATGTTCATACAATCCCTCACAGTGGTCTCTGGGATTATGCTAAACAGAGCAATTTCCTAGCCCTCACGA,FALSE
ACCATGCTGTAGTGTGTGTAAACATCCTACACTCTCAGCTGTGAGCTCAAGGTGGCTGGGAGAGGGTTGTTTACTCCTTCTGCCATGGA,FALSE
GGACAAGGTGTGCATGCCTGACCCGTTGTCAGACCTGGAAAAAGGGCCGGCTGTGGGCAGGGAGGGCATGCGCACTTTGTCC,FALSE
CTGAAATAGGTTGCCTGTGAGGTGTTCACTTTCTATATGATGAATATTATACAGTCAACCTCTTTCCGATATCGAATC,FALSE
TGTGGGCAGAGCAGAGCCTGCATTGGCCATCTCCATCTGGCCCAGGCCAACAGGCCTTGCTCTGCTCACAG,TRUE
GGAAGAGTCAAGTCAAGGCCAGAGGTCCCACAGCAGGGCTGGAAAGCACACCTGTGGGACTTCTGGCCTTGACTTGACTCTTTC,FALSE
TGTGGGATGAGGTAGTAGATTGTATAGTTTTAGGGTCATACCCCATCTTGGAGATAACTATACAGTCTACTGTCTTTCCCACG,FALSE
TATAAGAACTCTTGCAGTCTTAGATGTTATAAAAATATATATCTGAATTGTAAGAGTTGTTAGCAC,FALSE
AAATGTGCATCAGGCCAGAAGACATGAGCCCTTTGGAAAGGTCTCGTGTCTTCTGGCTTGATGCACATTT,FALSE
GCGACTGTAAACATCCTCGACTGGAAGCTGTGAAGCCACAGATGGGCTTTCAGTCGGATGTTTGCAGCTGC,FALSE
TACTGAGTTGCAGTAGGGTATCAGCTTCTGATGCTAATGTGTCTGATTCCTGCTGTCTGCTTCTCAG,TRUE
TTGGGCAAGGTGCGGGGCTAGGGCTAACAGCAGTCTTACTGAAGGTTTCCTGGAAACCACGCACATGCTGTTGCCACTAACCTCAACCTTACTCGGTC,FALSE
ATGACAGGCCATCAGCAGTCCAATGAAGACATGAAGACCCAATGTCTTCATTGGACTGCTGATGGCCCGTCACTGGGA,FALSE
AGATTGTATTAGGTTGGTGCAAAAGTGATTGTGGTTTTTGCTGTTACTTTTAATGGCAAAAACTGCAATCACTTTTGCACCAACCTAATAAATTT,FALSE
CCCAGGGTCTGGTGCGGAGAGGGCCCACAGTGGACTTGGTGACGCTGTATGCCCTCACCGCTCAGCCCCTGGG,FALSE
TCATCCCTGGGTGGGGATTTGTTGCATTACTTGTGTTCTATATAAAGTATTGCACTTGTCCCGGCCTGTGGAAGA,FALSE
CCTGCAGGAGGCAGTGGGCGAGCAGGCGGGGCAGCCCAATGCCATGGGCCTGATCTCACCGCTGCCTCCTTCCC,FALSE
GCTGCTGGAAGGTGTAGGTACCCTCAATGGCTCAGTAGCCAGTGTAGATCCTGTCTTTCGTAATCAGCAGCTACATCTGGCTACTGGGTCTCTGATGGCATCTTCTAGCT,FALSE
GATCCAGGGAACCCTAGAGCAGGGGGATGGCAGAGCAAAATTCATGGCCTACAGCTGCCTCTTGCCAAACTGCACTGGATTTTGTGTCTCCCATTCCCCAGAGCTGTCTGAGGTGCTTTG,TRUE
GGTCGCTTAAATCCCAATGCTAGACCCGGTGGCAATCAAGGTCTAGCCACCAGGTCTAGCATTGGGATTTAAGCCC,FALSE
AGGGGAAGGAGGGCTGGCTGAGTCCAAGGCCTGACTTCGGCGCTCTTCCCCCAG,TRUE
ACACGGACAATGATAATACAACCTGCTAAGTGCTAGGACACTTAGCAGGTTGTATTATATCCATCCGAGT,FALSE
TATATGAGTTCAACTCCAAACACTCAAAACTCATTGTTGAATGGAATGAGATATTTTGAGTGTTTGGAATTGAACTCGTATA,FALSE
GTTGGGGGCTGGGGTGCCCACTCCGCAAGTTATCACTGAGCGACTTCCGGTCTGTGAGCCCCGTCCTCCGC,FALSE
GGTAACACTCAAAAGATGGCGGCACTTTCACCAGAGAGCAGAAAGTGCCCCCACAGTTTGAGTGCC,FALSE
GCTGGCGTCGGTGCTGGGGAGCGGCCCCCGGGTGGGCCTCTGCTCTGGCCCCTCCTGGGGCCCGCACTCTCGCTCTGGGCCCGC,FALSE
GGGCCCAGAAGGGGGCGCAGTCACTGACGTGAAGGGACCACATCCCGCTTCATGTCAGTGACTCCTGCCCCTTGGTCT,FALSE
AGCTCAGGGCGGCTGCGCAGAGGGCTGGACTCAGCGGCGGAGCTGGCTGCTGGCCTCAGTTCTGCCTCTGTCCAGGTCCTTGTGACCCGCCCGCTCTCCT,FALSE
CTGACTTTTTTAGGGAGTAGAAGGGTGGGGAGCATGAACAATGTTTCTCACTCCCTACCCCTCCACTCCCCAAAAAAGTCAG,FALSE
CATCCTCCTTACGTCCCACCCCCCACTCCTGTTTCTGGTGAAATATTCAAACAGGAGTGGGGGTGGGACATAAGGAGGATA,FALSE
GGGGTGATGGGTGGGGCAATGGGATCAGGTGCCTCAAAGGGCATCCCACCTGATCCCACAGCCCACCTGTCACCCC,FALSE
TGGTTGGGTTTGGATTGTTGTACTTTTTTTTTTGTTCGTTGCATTTTTAGGAACAAAAAAAAAAGCCCAACCCTTCACACCACTTCA,FALSE
TGGGGTGTCTGTGCTATGGCAGCCCTAGCACACAGATACGCCCAGAGAAAGCCTGAACGTTGGGCGTATCTGTATGCTAGGGCTGCTGTAACAA,FALSE
CCTCTACTTTAACATGGAGGCACTTGCTGTGACATGACAAAAATAAGTGCTTCCATGTTTGAGTGTGG,FALSE
GTGAGCCAGTGGAATGGAGAGGCTGTGGGCAGGGGGAGATGTGAAGGAAAGAACTAGGACCCATTCATCCACTGCATTCCTGCTTGGCCCAG,TRUE
CCCAGCAGAGGGAATACAGAGGGCAATCAGGACTGGGTCATTCTCTCTGTCTTTCTCTCTCAG,TRUE
GTGACCCTCTAGATGGAAGCACTGTCTGTTGTCTAAGAAAAGATCGTGCATCCCTTTAGAGTGTTAC,FALSE
TGGAGGGGAGCCGAGAGTATCGAGCAGGCACTGAAGCTGCGGTCCCTCCCTCTCCTCAG,TRUE
TCCCTTTCCCAGGGGAGGGGCTGGGTTTACGTTGGGAGAACTTTTACGGTGAACCAGGAGGTTCTCCCAACGTAAGCCCAGCCCCTCCCCTCTGCCT,FALSE
GTGCTTAAAGAATGGCTGTCCGTAGTATGGTCTCTATATTTATGATGATTAATATCGGACAACCATTGTTTTAGTATCC,FALSE
GTGGGAGGGGAGAGGCAGCAAGCACACAGGGCCTGGGACTAGCATGCTGACCTCCCTCCTGCCCCAG,TRUE
GTTCCACTCTAGCAGCACGTAAATATTGGCGTAGTGAAATATATATTAAACACCAATATTACTGTGCTGCTTTAGTGTGAC,FALSE
GTGTTCTTCCAGTCCGCCCTCTGTCACCTTGCAGACGGCTTTCTCTCCGAATGTCTGCAAGTGTCAGAGGCGAGGAGTGGCAGCTGCAT,FALSE
CTTTGGCGATCACTGCCTCTCTGGGCCTGTGTCTTAGGCTCTGCAAGATCAACCGAGCAAAGCACACGGCCTGCAGAGAGGCAGCGCTCTGCCC,FALSE
GGTGGTCGAGGGAATCTGAGAAGGCGCACAAGGTTTGTGTCCAATACAGTCCACACCTTGCGCTACTCAGGTCTGCTCGTGCCCT,FALSE
GTGCGGAACGCTGGCCGGGGCGGGAGGGGAAGGGACGCCCGGCCGGAACGCCGCACTCACG,TRUE
CACTGTTCTATGGTTAGTTTTGCAGGTTTGCATCCAGCTGTGTGATATTCTGCTGTGCAAATCCATGCAAAACTGACTGTGGTAGTG,FALSE
GCCCCCTTTTCACGCATTTGTGTTTTACCACCTCCAGGAGACTGCCCAAAGACTCTTCAGTATCATGGAGTTGGTAAAGCACAGATGCATGAATAATTCAACGTG,FALSE
CACTGTAGGTGGCGCCGGAGGAGTCATTTCCCATCACTAATGGCTTCTCTTGCACACCCAG,TRUE
TTGGGGGGTGGTAACTGTAGGAGCAGCCCACAAAGCCCACTGCCCCCGCCCACGTTGCCACCCCCAACCCAG,TRUE
TGTAGAGATAGGATCTCACTTTGTTGCCCAGGCTGGTCTCAAACTCCTGGTCTGGGCAACAAAGTGAGACCTTATCTCTACAAG,FALSE
CAAGGTCAGGGTTGGTAGGGGTTGCTGTTGCTGTGAAAGCTGAGCCTCTCCTTCCCTCCAG,TRUE
CATGCTGTGACCCTCTAGAGGGAAGCGCTTTCTGTTGTCTGAAAGAAAAGAAAGTGCATCCTTTTAGAGGTTTACTGTTTG,FALSE
CAGCAGGAGAAAAGCTGGTGAATCAGAAATGACTTCATTCCACTCGGTTCTCTTCTGTTCTAG,TRUE
TCTCAGGCTGTGACCTTCTCGAGGAAAGAAGCACTTTCTGTTGTCTGAAAGAAAAGAAAGTGCTTCCTTTCAGAGGGTTACGGTTTGAGA,FALSE
AGCCCTGGGGGTGGTCTCTAGCCAAGGCTCTGGGGTCTCACCCTTGGCTGGTCTCTGCTCCGCAG,TRUE
CTTCTGGAAGCTGGTTTCACATGGTGGCTTAGATTTTTCCATCTTTGTATCTAGCACCATTTGAAATCAGTGTTTTAGGAG,FALSE
ACGGCATCTTTGCACTCAGCAGGCAGGCTGGTGCAGCCCGTGGTGGGGGACCATCCTGCCTGCTGTGGGGTAAGGACGGCTGT,FALSE
CCAGAGGTTGTAACGTTGTCTATATATACCCTGTAGAACCGAATTTGTGTGGTATCCGTATAGTCACAGATTCGATTCTAGGGGAATATATGGTCGATGCAAAAACTTCA,FALSE
GTTGTGCTGTCCAGGTGCTGGATCAGTGGTTCGAGTCTGAGCCTTTAAAAGCCACTCTAGCCACAGATGCAGTGATTGGAGCCATGACAA,FALSE
TTCAACAAGGGTGTAGGATGGCCAGGGAAGTATGCCGGGCCTTGGCATTTCTATGTTAGTTGGAAG,FALSE
GAGGGGTAGGGGCCACAGAGCAGGGCACCCGGCCATCCCATCTGTGACCCCACCTCTAG,TRUE
GAGGGGGAAGACGGGAGGAAAGAAGGGAGTGGTTCCATCACGCCTCCTCACTCCTCTCCTCCCGTCTTCTCCTCTC,FALSE
AGGGGGCGAGGGATTGGAGAGAAAGGCAGTTCCTGATGGTCCCCTCCCCAGGGGCTGGCTTTCCTCTGGTCCTTCCCTCCCA,FALSE
TGGGGGTTGGGGGTGGAGCCGCGGAGGTGGGAGCTGCTGGTAACACCAACCCTCCCCCCACAG,TRUE
ATTCAGGCCGGTCCTGCAGAGAGGAAGCCCTTCCAATACCTGTAAGCAGAAGGGCTTCCTCTCTGCAGGACCGGCCTGAAT,FALSE
GTGCGTGGTGGCTCGAGGCGGGGGTGGGGGCCTCGCCCTGCTTGGGCCCTCCCTGACCTCTCCGCTCCGCACAG,TRUE
GTAAGGGAAGGGATAATCAGAGCTGGGTGGGGCCAGGGTGGTTTCCCCTGCCAGCCTGGCCTGACCAGCCTGTCCCCCACCCTCTGCAG,TRUE
GGGTGCTCGGGGCAGGCGGCTGGGAGCGGCCCTCACATTGATGGCTCCTGCCACCTCCTCCGCAG,TRUE
CGTGGTGAGGATATGGCAGGGAAGGGGAGTTTCCCTCTATTCCCTTCCCCCCAGTAATCTTCATCATG,FALSE
GGAGCACTCCCAGGTCCTCCAGGCCATGAGCTGCGGCCCTGATGTCTCTACTCCAGCCACGGACTGAGAGTGCATAGGAGTGTCC,FALSE
CGGGCGGAGTGGGGGCACAGGCGGAGTGGGGGCACAGGCGTAGCGGGGACAGGGTCTGTACCCTCACCTCACCCAG,TRUE
TCTGGGAGAACAAGGGGTCCCTGAAGACCAGCAACCATCTCACTCTGGCACCCCTGCTCCCCCAG,TRUE
GTGGGTAGGGTTTGGGGGAGAGCGTGGGCTGGGGTTCAGGGACACCCTCTCACCACTGCCCTCCCACAG,TRUE
TCGGGCGCAAGAGCACTGCAGTTCTGTTGGGTGACAGCAGTGTTTGTTTTGCCCACAG,TRUE
GGTACTTGAAGAGTGGTTATCCCTGCTGTGTTCGCTTAATTTATGACGAATCATACAGGGACATCCAGTTTTTCAGTATC,FALSE
GGTGGGCGGGGTCCTGCTTGGTGCTCCTGTAACTCAGCACCCCTTCTCCCACCAAAG,TRUE
CCTGTTGCCACAAACCCGTAGATCCGAACTTGTGGTATTAGTCCGCACAAGCTTGTATCTATAGGTATGTGTCTGTTAGG,FALSE
CCGGGCAGGCAGGTGTAGGGTGGAGCCCACTGTGGCTCCTGACTCAGCCCTGCTGCCTTCACCTGCCAG,TRUE
CCTTCTGCGGCAGAGCTGGGGTCACCAGCCCTCATGTACTTGTGACTTCTCCCCTGCCACAG,TRUE
GGGCATGGCCTGAGACCAGGACTGGATGCACCACTCTCCCTGTGATGAGGTGAAGCCAGCTCTGGTCTGGGCCATTTCAC,FALSE
CTGGGGGAGGAAGGACAGGCCATCTGCTATTCGTCCACCAACCTGACTTGATCCTCTCTTCCCTCCTCCCAG,TRUE
CTGAAGAGTAGAGTGTGTGGTCCCAGTTCAGAAGTGTTCCTGAGTAACTTGTGCTTATAACTCAGGACACTTCTGAACTTGGACCATACAGGTCTCCCTGCTT,FALSE
TCCAGGGGCAGTCTGCCACCCATCCTTCCTGACTGCCTGGCCCTGTCCCCTGCAG,TRUE
CTGGAGTGAGCAGTGGGCAGAGCTCCTGGTGAGCACTGCTGCTGCCTCCCTCCATAG,TRUE
AATATGAAACTGACTGAATAGGTAGGGTCATTTTTCTGTGACTGCACATGGCCCAACCTATTCAGTTAGTTCCATATT,FALSE
CCGCAGAGTGTGACTCCTGTTCTGTGTATGGCACTGGTAGAATTCACTGTGAACAGTCTCAGTCAGTGAATTACCGAAGGGCCATAAACAGAGCAGAGACAGATCCACGA,FALSE
AGGGCAGAGGGAATCCCACACGGGCTGGTGGATCATGTGTGTGCATTTCTCTCCCTTCTAG,TRUE
CCTGGAGGGGGGCACTGCGCAAGCAAAGCCAGGGACCCTGAGAGGCTTTGCTTCCTGCTCCCCTAG,TRUE
TCTCAGGCAGTGACCCTCTAGATGGAAGCACTGTCTGTTGTATAAAAGAAAAGATCGTGCATCCCTTTAGAGTGTTACTGTTTGAGA,FALSE
GAGGCACTGGGTAGGTGGGGCTCCAGGGCTCCTGACACCTGGACCTCTCCTCCCCAGGCCCACA,TRUE
GTGAGTAGTGGCGCGCGGCGGCTCGGAGTACCTCTGCCGCCGCGCGCATCGGCTCAGCATGC,TRUE
TGAACATCCAGGTCTGGGGCATGAACCTGGCATACAATGTAGATTTCTGTGTTCGTTAGGCAACAGCTACATTGTCTGCTGGGTTTCAGGCTACCTGGAAACATGTTCTC,FALSE
AGGGAGGGGTGGCAGGGATTCCCGCCTGTTACAGAGACTCCCCCACACCTTTCTCCCAACAG,TRUE
AAATTTAAGGAGGGACTCACTCACAGGATTGTGCAAATGCAAAGTTGGCTTTTGCATGACCCTGGGAGTAGGTGCCTCCTTAAATTT,FALSE
TGTGCATCGTGGTCAAATGCTCAGACTCCTGTGGTGGCTGCTTATGCACCACGGATGTTTGAGCATGTGCTATGGTGTCTA,FALSE
TCTGGGGCCGCTGGGGACAGGCCAGGGCATGGACTGACCTGCTTCCTGTGCTCCTCCAG,TRUE
GGGTAAAGGGGCAGGGACGGGTGGCCCCAGGAAGAAGGGCCTGGTGGAGCCGCTCTTCTCCCTGCCCACAG,TRUE
TCTGGTGGGAGCCATGAGGGTCTGTGCTGTCTCTGAGCACCGTCTCTTCTGTTCCCCAG,TRUE
CCCTGCCAGTGCTGGGGGCCACATGAGTGTGCAGTCATCCACACACAAGTGGCCCCCAACACTGGCAGGG,FALSE
TGCCAATGCCTATCACATATCTGCCTGTCCTATGACAAACATGGCAGGTAGATATTTGATAGGCATTGGCA,FALSE
TCTCATGCAGTCATTCTCCAAAAGAAAGCACTTTCTGTTGTCTGAAAGCAGAGTGCCTTCTTTTGGAGCGTTACTGTTTGAGA,FALSE
GAGTTTGGTTTTGTTTGGGTTTGTTCTAGGTATGGTCCCAGGGATCCCAGATCAAACCAGGCCCCTGGGCCTATCCTAGAACCAACCTAAGCTC,FALSE
TACTTGGGTGACTAAGGCAGGATTGCTTGAGCCTGGGAGGTCAAGGCTGCAGTGTCGTGGTCACAGCTTGCTGCAGACTCGACCTCCCAGGCTTAAGCAATCCTCCTGCTCGAGTG,FALSE
GCATGACTCTTCAACCTCAGGACTTGCAGAATTAATGGAATGCTGTCCTAAGGTTGTTGAGTTGTGC,FALSE
TCAGTGAGGTCTGGGGATGAGGACAGTGTGTCCTGAAATTCACAGGACTGACTCCTCACCCCAGTGCACGAGGA,FALSE
GCTTCTGGGAGGAGGGGATCTTGGGAGTGATCCCAACAGCTGAGCTCCCTGAATCCCTGTCCCAG,TRUE
CCTGGGAGGTGTGATATCATGGTTCCTGGGAGGTGTGATCCTGTGCTTCCTGGGAGGTGTGATATCGTGGTTCCTGGG,FALSE
TTCATGAACTGGGTCTAGCTTGGAGCCTTGGTAGGGAAGCAAGCTGAGGAGATAGGAGGACAAGTTGTGGGAT,FALSE
TGGGATGAGGTAGTAGGTTGTATAGTTTTAGGGTCACACCCACCACTGGGAGATAACTATACAATCTACTGTCTTTCCTA,FALSE
AGGGAAAAAAAAAAGGATTTGTCTTGTAGCCAGGATATTGTTTTAAAGAAAATCCTTTTTGTTTTTCCAG,TRUE
CCTTGGCCACCACACCTACCCCTTGTGAATGTCGGGCAATGGGTGATGGGTGTGGTGTCCACA,TRUE
CCTGCGTGTTTTCTGTCCAAATCCTTTTCTGATTTGGACAGAAAACACGCAGGT,FALSE
CCTGGGAGTGGATAGGGGAGTGTGTGGAGAGAGCACTGAGCCTGCCCACCAGCCTGTGTCCACCTCCAG,TRUE
CTGAGCTGGGTGAGGGCATCTGTGGTTTGCTGGCTGCCTCAGCTCCTCTCTACCCACAG,TRUE
TCGAGGGGCAGGGCCAGAGCCTCTTTCCTGATCTCAGTCTCACCGGCCTCTTCTCTCCAG,TRUE
GCCAAGGACTGATCCTCTCGGGCAGGGAGTCAGAGGGGACCGCCCGAGAGGATCCGTCCCTGC,FALSE
CTCTGCCTCCCGTGCCTACTGAGCTGAAACACAGTTGGTTTGTGTACACTGGCTCAGTTCAGCAGGAACAGGG,FALSE
CCAGGGTGGGATGAGGCTTGGGAAAAATAGAAGCAGCCCTCTTGGCCTCACCCTCTCTAG,TRUE
TCTCAGGCTGTGACCATCTGGAGGTAAGAAGCACTTTCTGTTTTGTGAAAGAAAAGAAAGTGCTTCCTTTCAGAGGGTTACTCTTTGAGA,FALSE
GGCTCAGGAAGCAAGAGAACCCTGTGGTCTAACCTTTCCCATCTGCTCTCTTGTTCCCAG,TRUE
TCGGCATCTGCTGAGTACCGCCATGTCTGTTGGGCATCCACAGTCTCCCACCAGGCATTGTGGTCTCCGCTGACGCTTTG,FALSE
TCTCATGCAGTCATTCTCCAAAAGAAAGCACTTTCTGTTGTCTGAAAGCAGAGTGCCTTCTTTTGGAGCGTTACTGTTTGAGA,FALSE
GGGAGTTGGGCCCAGGAGTAAACAGGATTAGTGCTTATGCTAAGATGTCTTCACTGTCACTTCTCTGCCCATAG,TRUE
GGTCGGGCTCACCATGACACAGTGTGAGACCTCGGGCTACAACACAGGACCCGGGCGCTGCTCTGACCCCTCGTGTCTTGTGTTGCAGCCGGAGGGACGCAGGTCCGCA,FALSE
CCTGCAGGCAGAAGTGGGGCTGACAGGGCAGAGGGTTGCGCCCCCTCACCATCCCTTCTGCCTGCAG,FALSE
GTGGGGTGCTGGGAGCCAGACATGGCAAGCTTGTCTTACCCTCCCTCCACTTCCAG,TRUE
TCGGGGGTGGAACGGGGCTGCTGGCCCAGCTAAGGCTGCCTGACCTCGGCCCCACCCCTGCAG,TRUE
CCTTAGCAGAGCTGTGGAGTGTGACAATGGTGTTTGTGTCTAAACTATCAAACGCCATTATCACACTAAATAGCTACTGCTAGGC,FALSE
GCACCAGGGGTACCTCTCTACTGACTTGCAACATACATTTGTCTTGGTGTGTTGCAAGTCGGTGGAGACGTACCCTTGGTGC,FALSE
GTGGGCCTCAAATGTGGAGCACTATTCTGATGTCCAAGTGGAAAGTGCTGCGACATTTGAGCGTCAC,FALSE
TGGAAAAGAGAGGAGCAGTGGTGCTGTGGCAGTGGCAGAGGTCGCTACAGCCCTGTGATCTTTCCAG,TRUE
TTCCTCTAGAAATGCATGACCCACCCTGAGTTTTGGTGGGCCATGCATTTCTAGAACTCC,FALSE
GTGAGGGCATGCAGGCCTGGATGGGGCAGCTGGGATGGTCCAAAAGGGTGGCCTCACCAGCCCTGTGTTCCCTAG,TRUE
AAATTTAAGGAGGGACTCACTCACAGGATTGTGCAAATGCAAAGTTGGCTTTTGCATGACCCTGGGAGTAGGTGCCTCCTTAAATTT,FALSE
CATGCTGTGTGTGGTACCCTACTGCAGACAGTGGCAATCATGTATAATTAAAAATGATTGGTACGTCTGTGGGTAGAGTACTGCATGACACATG,FALSE
GTTTAAAGAATACTGTGAATTTCACTGTCACAAATTCAAATAAAGTGAGAGTGGAATTCACAGTATTTAAGGAAT,FALSE
CAGACGTGTCATCCCCAGATACAATGGACAATATGCTATTATAATCGTATGGCATTGTCCTTGCTGTTTGGAGATAATACTGCTGAC,FALSE
CCACCCCGGTCCTGCTCCCGCCCCAGCAGCACACTGTGGTTTGTACGGCACTGTGGCCACGTCCAAACCACACTGTGGTGTTAGAGCGAGGGTGGGGGAGGCACCGCCGAGG,FALSE
CTGGATACAGAGTGGACCGGCTGGCCCCATCTGGAAGACTAGTGATTTTGTTGTTGTCTTACTGCGCTCAACAACAAATCCCAGTCTACCTAATGGTGCCAGCCATCGCA,FALSE
CCAGAGGCCGCACAGCAGGAACCTCACATTGGATGTATCTGCTGTTGTCCCCTCAG,TRUE
CTGTACCCCTGCCCCAACAAGGAAGGACAAGAGGTGTGAGCCACACACACGCCTGGCCTCCTGTCTTTCCTTGTTGGAGCAGGGATGTAG,FALSE
TGTGCAGTGGGAAGGGGGGCCGATACACTGTACGAGAGTGAGTAGCAGGTCTCACAGTGAACCGGTCTCTTTCCCTACTGTGTC,FALSE
CTGGTCCATTTCCCTGCCATTCCCTTGGCTTCAATTTACTCCCAGGGCTGGCAGTGACATGGGTCAA,FALSE
AGGGGAGGGTGGTGGGGGCTAGCAGTCCGGGCCCTGTCTCACAACCACTGCCCTGCCCAG,TRUE
CATGTGGTACTCTTCTCAAGAGGGAGGCAATCATGTGTAATTAGATATGATTGACACCTCTGTGAGTGGAGTAACACATG,FALSE
TCTGTTTATCACCAGATCCTAGAACCCTATCAATATTGTCTCTGCTGTGTAAATAGTTCTGAGTAGTGCAATATTGCTTATAGGGTTTTGGTGTTTGGAAAGAACAATGGGCAGG,FALSE
CTGGGGTCACCTGTCTGGCCAGCTACGTCCCCACGGCCCTTGTCAGTGTGGAAGGTAGACGGCCAGAGAGGTGACCCCGG,FALSE
TGCTGCCCTGGGGTTCTGAGGACATGCTCTGACTCCCCTGATGTCCTCTGTTCCTCAGGTGCTGGG,TRUE
TAGCTGGGTGGATGTGTTCTTTTGAAGGATAGCAGCATAAGCCTGTCTCAAAATAATTCTGCAGTGAGACAGGTTCATGCTGCTATCGTTCCAAAGAGGAAGGGTAATCACTGTC,FALSE
AACCCCGGGCCGGAGGTCAAGGGCGTCGCTTCTCCCTAATGTTGCCTCTTTTCCACGGCCTCAG,TRUE
CATACTTTGTCTCCATGTTTCCTTCCCCCTTCTGTATACATGTATACAGGAGGAAGGGGGAAGGAAACATGGAGACAAAGTGTG,FALSE
CCCCCAGAATCTGTCAGGCACCAGCCAGGCATTGCTCAGCCCGTTTCCCTCTGGGGGAGCAAGGAGTGGTGCTGGGTTTGTCTCTGCTGGGGTTTCTCCT,FALSE
CAGGAGCCACGGGACGCCCCAGCAGGGTATATGCAACAGACAGATTGTCACACCAGCTCGCTGTCCTGTGTCTCCCAG,TRUE
TTAGCCCTGCGGCCCCACGCACCAGGGTAAGAGAGACTCTCGCTTCCTGCCCTGGCCCGAGGGACCGACTGGCTGGGC,FALSE
TGGGGAGAGGAGGGGACCAGGGCTGTGAATTACCTTCCCTTCCCCACCCTCTCCTGCAG,TRUE
GAGGTGTAGGGGAGGTTGGGCCAGGGATGCCTTCACTGTGTCTCTCTGGTCTTGCCACCCCAG,TRUE
CCTTGGCCATGTAAAAGTGCTTACAGTGCAGGTAGCTTTTTGAGATCTACTGCAATGTAAGCACTTCTTACATTACCATGG,FALSE
ACCCAAACCCTAGGTCTGCTGACTCCTAGTCCAGGGCTCGTGATGGCTGGTGGGCCCTGAACGAGGGGTCTGGAGGCCTGGGTTTGAATATCGACAGC,FALSE
CACAGCCCTTCCTGTCCCCAGTTTTCAGGTGTGGAAACTGAGGCAGGAGGCAGTGAAGTAACTTGCTCAGGTTGCACAGCTGGGAAGTGGAGCAGGGATTTGAATCC,FALSE
GCTCTTCCTCTCTAATCCTTTGTCCCTGGGTGAGAGTGCTTTCTGAATGCAATGCACCCGGGCAAGGATTCTGAGAGGGTGAGC,FALSE
CCCTCGTCTTACCCAGCAGTGTTTGGGTGCGGTTGGGAGTCTCTAATACTGCCGGGTAATGATGGAGG,FALSE
GCTGCTGGACCCACCCGGCCGGGAATAGTGCTCCTGGTTGTTTCCGGCTCGCGTGGGTGTGTCGGCGGC,FALSE
GAAACTGCTGAAGCTGCCATGTCTAAGAAGAAAACTTTGGAGAAAAATTTTCTTCTTAGACATGGCAACGTCAACAGTTTC,FALSE
AGGGCAGGAAGGTGGGTCTTCTTGTGACTGAAGGTCCCCCGGATCTGCCCCTCCAG,TRUE
GGAGTTGCCAGGGCTGCCTTTGGTGACAGCAGCAGTAGAGTTGCCAGAGCAGCCTGCGGTAACAGTA,FALSE
CTATATGCAGTGGACCAGGATGGCAAGGGCTCTCCTGAAAGGACAGTAGAGCCCTTGCCATCCTGGTCCACTGCATATAG,FALSE
GCTGCTGTTGGGAGACCCTGGTCTGCACTCTATCTGTATTCTTACTGAAGGGAGTGCAGGGCAGGGTTTCCCATACAGAGGGC,FALSE
TCAGGGAGAAAGAAGGGTTATTAACATTAAAAGAACTTGCAGTAATTCCTTTTTCTCTTCCTCAG,TRUE
GGTACTTCTCAGTCTGTGGCACTCAGCCTTGAGGGCACTTTCTGGTGCCAGAATGAAAGTGCTGTCATAGCTGAGGTCCAATGACTGAGGCGAGCACC,FALSE
TCTGGGCGAGGGGTGGGCTCTCAGAGGGGCTGGCAGTACTGCTCTGAGGCCTGCCTCTCCCCAG,TRUE
TCAGGCAAAGGGATATTTACAGATACTTTTTAAAATTTGTTTGAGTTGAGGCAGATTAAATATCTGTATTCTCCTTTGCCTGCAG,TRUE
GGGAGCCAAATGCTTTGCTAGAGCTGGTAAAATGGAACCAAATCGACTGTCCAATGGATTTGGTCCCCTTCAACCAGCTGTAGCTGTGCATTGATGGCGCCG,FALSE
GCTGGCCGGATGGGACAGGAGGCATGAATGAGCCATCTTTCCAATGCCTTTCTGTCTTTTCTGGTCCAG,TRUE
TGGTGTGTGGGTGGGAAGGACTGGATTTGAAATGGTCCCACTCCTGACGATCCTGTCCCTGTCTCCTACAG,TRUE
CTGGGGGCTCCAAAGTGCTGTTCGTGCAGGTAGTGTGATTACCCAACCTACTGCTGAGCTAGCACTTCCCGAGCCCCCGG,FALSE
GTCATGTGACTGCCTGTCTGTGCCTGCTGTACAGGTGAGCGGATGTTCTGCACAGCAAGTGTAGACAGGCAGACACATGAC,FALSE
GCATCCGGGTTGAGGTAGTAGGTTGTATGGTTTAGAGTTACACCCTGGGAGTTAACTGTACAACCTTCTAGCTTTCCTTGGAGC,FALSE
ATCATTCAGAAATGGTATACAGGAAAATGACCTATGAATTGACAGACAATATAGCTGAGTTTGTCTGTCATTTCTTTAGGCCAATATTCTGTATGACTGTGCTACTTCAA,FALSE
AACTATGCAAGGATATTTGAGGAGAGGTTATCCGTGTTATGTTCGCTTCATTCATCATGAATAATACATGGTTAACCTCTTTTTGAATATCAGACTC,FALSE
TATCCTGAGAAGGCACAGCTTGCACGTGACCTCCTGGGCCTGGCGGCTGTGTCTTCACAG,FALSE
GAGGCAAAGTTCTGAGACACTCCGACTCTGAGTATGATAGAAGTCAGTGCACTACAGAACTTTGTCTC,FALSE
GGGCAGCCAGTGAATAGTTAGCTGGTGCAAAAGTAATTGCGGTCTTTGGTATTACTTTCAGTGGCAAAAACTGCATTACTTTTGCACCAGCCTACTAGAACGCTGAGTTCAG,FALSE
TTGTTTATAATAAACTGAAATATTTGGGACTGATCTTGATGTCTGCCAAAACCTTGGCAGACATCAAGATCAGTCCCAAATATTTCAGTTTATTATAGACAG,FALSE
GTGGTCTCAGAATCGGGGTTTTGAGGGCGAGATGAGTTTATGTTTTATCCAACTGGCCCTCAAAGTCCCGCTTTTGGGGTCAT,FALSE
GCCAACCCAGTGTTCAGACTACCTGTTCAGGAGGCTCTCAATGTGTACAGTAGTCTGCACATTGGTTAGGC,FALSE
CCAGCTCGGGCAGCCGTGGCCATCTTACTGGGCAGCATTGGATGGAGTCAGGTCTCTAATACTGCCTGGTAATGATGACGGCGGAGCCCTGCACG,FALSE
GGCACTTGCTTGGGGGTTAGTGAGGACAGGGCAAATTCACGAGATTGGGTTGTGCAGAGGCTGACACTTGGATTTTCCTGGGCCTCAGGACTTCCTTTCAGACATGG,TRUE
GACCTAGGCTAGGGGTTCTTAGCATAGGAGGTCTTCCCATGCTAAGAAGTCCTCCCATGCCAAGAACTCCCAGACTAGGA,FALSE
CATCAAGACCCAGCTGAGTCACTGTCACTGCCTACCAATCTCGACCGGACCTCGACCGGCTCGTCTGTGTTGCCAATCGACTCGGCGTGGCGTCGGTCGTGGTAGATAGGCGGTCATGCATACGAATTTTCAGCTCTTGTTCTGGTGAC,FALSE
GATAGTAATAAGAAAGATGAGCTCATTGTAATATGAGCTTCATTTATACATTTCATATTACCATTAGCTCATCTTTTTTATTACTACCTTCAACA,FALSE
GGCACCCACCCGTAGAACCGACCTTGCGGGGCCTTCGCCGCACACAAGCTCGTGTCTGTGGGTCCGTGTC,FALSE
GTGAGGTGGGGGCCAGCAGGGAGTGGGCTGGGCTGGGCTGGGCCAAGGTACAAGGCCTCACCCTGCATCCCGCACCCAG,TRUE
GTGGGGTGGGGAATTGAGAGGATCTGACGCTGATTTCTTCCTCTCTCTTCCCTCAACTCTCAG,TRUE
ATGGGTGCTGGGGACATGCTGTAAAATACCGGTTGATCCCAGTCGTGTCCTTCCACCCAG,TRUE
GGCCCTCGGGCCTGGGGTTGGGGGAGCTCTGTCCTGTCTCACTCATTGCTCCTCCCCTGCCTGGCCCAG,TRUE
TCTCATGATGTGACCATCTGGAGGTAAGAAGCACTTTGTGTTTTGTGAAAGAAAGTGCTTCCTTTCAGAGGGTTACTCTTTGAGA,FALSE
GACAGGATTCCAGTACAGGTCTCTCATTTCCTTCATGATTAGGAATACTACTTTGAAATGAGAGACCTGTACTGTATCTGTT,FALSE
GTGGTACCTGAAGAGAGGTTTTCTGGGTTTCTGTTTCTTTATTGAGGACGAAACACACCTGGTTAACCTCTTTTCCAGTATCAA,FALSE
GTCACTGTGGGTTCTGGGTTGGGGTGATACACAAGCCTGACCCTCCCCAACCCCTGCCCGCAG,TRUE
CCGATGTGTATCCTCAGCTTTGAGAACTGAATTCCATGGGTTGTGTCAGTGTCAGACCTCTGAAATTCAGTTCTTCAGCTGGGATATCTCTGTCATCGT,FALSE
AGCAGGGCTGGAATGGTCAAGGTTCCTGGGATGTCACAGGATGCTGCTGACATGACCTTGCCCCTCCCTCCCTCCAG,TRUE
TGAGCTGTTGGATTCGGGGCCGTAGCACTGTCTGAGAGGTTTACATTTCTCACAGTGAACCGGTCTCTTTTTCAGCTGCTTC,FALSE
CATGCTGTGTGTGGTACCCTACTGCAGACAGTGGCAATCATGTATAATTAAAAATGATTGGTACGTCTGTGGGTAGAGTACTGCATGACAC,FALSE
CTTCATCCACCAGTCCTCCAGGAACATCAAGGATCTTAAACTTTGCCAGAGCTACAAAGGCAAAGTTTAAGATCCTTGAAGTTCCTGGGGGAACCAT,FALSE
CCGCCCCGGGCCGCGGCTCCTGATTGTCCAAACGCAATTCTCGAGTCTATGGCTCCGGCCGAGAGTTGAGTCTGGACGTCCCGAGCCGCCGCCCCCAAACCTCGAGCGGG,FALSE
TGACGGGCGAGCTTTTGGCCCGGGTTATACCTGATGCTCACGTATAAGACGAGCAAAAAGCTTGTTGGTCA,FALSE
TGTGTCTCTCTCTGTGTCCTGCCAGTGGTTTTACCCTATGGTAGGTTACGTCATGCTGTTCTACCACAGGGTAGAACCACGGACAGGATACCGGGGCACC,FALSE
CAGGGCGGAGGCAGGGCAGGGCCGGACCAGACCTGATGGTGCCTGTCCCCCGCCCTGCAG,TRUE
TGTCGGGTAGCTTATCAGACTGATGTTGACTGTTGAATCTCATGGCAACACCAGTCGATGGGCTGTCTGACA,FALSE
AGGACCCTTCCAGAGGGCCCCCCCTCAATCCTGTTGTGCCTAATTCAGAGGGTTGGGTGGAGGCTCTCCTGAAGGGCTCT,FALSE
AGTGCCCGCGGCCGCTCAGGCCTGCAGTCTCCGCTGAGCTCCCGCCACGCACGCAG,TRUE
CCATTACTGTTGCTAATATGCAACTCTGTTGAATATAAATTGGAATTGCACTTTAGCAATGGTGATGG,FALSE
CTCCTCTGGGGGTGGGGGGCTGGGCGTGGTGGACAGCGATGCATCCCTCGCCTTCTCACCCTCAG,TRUE
GGGAAAGCGGAGGGCGCGCCCAGCTCCCGGGCTGATTGCGCTAACAGTGGCCCCGGTGTTGGGGCGCGTCTGCCGCTGCCCC,FALSE
CCTGCAGGCAGAAGTGGGGCTGACAGGGCAGAGGGTTGCGCCCCCTCACCATCCCTTCTGCCTGCAG,FALSE
CCTTGGAGTAAAGTAGCAGCACATAATGGTTTGTGGATTTTGAAAAGGTGCAGGCCATATTGTGCTGCCTCAAAAATACAAGG,FALSE
ACTGGTCGGTGATTTAGGTAGTTTCCTGTTGTTGGGATCCACCTTTCTCTCGACAGCACGACACTGCCTTCATTACTTCAGTTG,FALSE
TCTCAGGCTGTGTCCCTCTAGAGGGAAGCGCTTTCTGTTGTCTGAAAGAAAAGAAAATGGTTCCCTTTAGAGTGTTACGCTTTGAGA,FALSE
TACTTGAAGAGAAGTTGTTCGTGGTGGATTCGCTTTACTTATGACGAATCATTCACGGACAACACTTTTTTCAGTA,FALSE
TTGGGGGCGGGGACAGGGAGGCTGGAGGAAGCCTTGCTGCCTCTCCCTCCTCCCCCCAG,TRUE
TGAGCCCTCGGAGGACTCCATTTGTTTTGATGATGGATTCTTATGCTCCATCATCGTCTCAAATGAGTCTTCAGAGGGTTCT,FALSE
GGCCTGGCTGGACAGAGTTGTCATGTGTCTGCCTGTCTACACTTGCTGTGCAGAACATCCGCTCACCTGTACAGCAGGCACAGACAGGCAGTCACATGACAACCCAGCCT,FALSE
TTGTGGAGTGGGGCAGGATGGTGCGTCATTTGGCCCATCTTTCCTCCTCCATTGCAG,TRUE
TGAGGAGACTCAGCTGAGACTTTGGCTAATGTTGGGGGGTCCCTCCTGTGTCTCCCCAG,TRUE
ATCATGTACTGCAGTTGCCTTTTTGTTCCCATGCTGTTTAAGCCTAGCATAGGCACCAAAAAGCAACAACAGTATGTGAA,FALSE
TCCTGTACTGAGCTGCCCCGAGCTGGGCAGCATGAAGGGCCTCGGGGCAGCTCAGTACAGGATG,FALSE
GGCTCAATCTCTGGTCCTGCAGCCTTCTGCCTTTGGCTTTCTGAAGCGAGCTGAACTAGAGATTGGGCCCA,FALSE
TCCCTGGGGACCCCTGGCAGCCCCTCCTGATGATTCTTCTTCCTGAGCACGCTCATGATGAGCAAACTGAGCCTCTAAGAAGTTGACTGAAGGGGCTGCTTCCCCAAGGA,FALSE
CAGGGACAGGTCCAGCTGGCTCGGCCCTCCCAAGCCCGCGGCCCCAGCAGCCGGCTCCTGTCCTCAG,TRUE
ACTTGGAGAGAGGCTGGCCGTGATGAATTCGATTCATCAAAGCGAGTCATACACGGCTCTCCTCTCTTTTAGT,FALSE
CAAGCACGATTAGCATTTGAGGTGAAGTTCTGTTATACACTCAGGCTGTGGCTCTCTGAAAGTCAGTGCATCACAGAACTTTGTCTCGAAAGCTTTCTA,FALSE
GAGGGAGCTGTAGAGCAGGGAGCAGGAAGCTGTGTGTGTCCAGCCCTGACCTGTCCTGTTCTGCCCCCAGCCCCTC,FALSE
CCAGGGGAGGAGGTGAGTGCAGAGGAGTGGGACACCGTGACTCACAGCTCTCTCCCCTCAG,TRUE
TGCAGTGCCTAATTTGAACACCTTCGGTATTCATCAAAAATACCAAAGGTGCTCAAATTAGACATTGCA,FALSE
AGGGGAGGGGACAGGGCATGGGAGTGCGGTGCTCTCACCTTTGACTTGAACTCATTCCCCAG,TRUE
CTGACTCCCAGGGTCTGGTCAGAGTTGCTGAGTGGGTTGATCTCTGGTCTTTCCTTGACAG,TRUE
GACCAGAAGTGTTTTGGATTTTGGACTTTTTCAGATTTGGGGATATTTGCATTATACTTATCCTAAATCTGAAAGTCCAAAACCTGAAATGACCAATAAG,FALSE
TATATTGTTGTCTGGTATGTAGTAGGTAATAACTGACAAACAGACAATTGCCTAACATGTGCCAGAAAACAACATA,FALSE
ATTAGGTTGGTGCAAAAGTAATCACAGTTTTTGACATTACTTTCAAAGACAAAAACTGTAATTACTTTTGGACCAACCTAATAG,FALSE
CCACCACTTAAACGTGGATGTACTTGCTTTGAAACTAAAGAAGTAAGTGCTTCCATGTTTTGGTGATGG,FALSE
ACCAGACTTTTCCTAGTCCCTGAGACCCTAACTTGTGAGGTATTTTAGTAACATCACAAGTCAGGCTCTTGGGACCTAGGCGGAGGGGA,FALSE
TCTTCAGTATGACACCTCAAAGAAGCAATACTGTTACCTGAAATAGGCTGCGAAGATAACAGTATTTCAGATAACAGTATTACATCTTTGAAGTGTCATATTCACTGAC,FALSE
GAAGGCGAGGGGTAGAAGAGCACAGGGGTTCTGATAAACCCTTCTGCCTGCATTCTACTCCCAG,TRUE
CTGTGTCGGGGAGTCTGGGGTCCGGAATTCTCCAGAGCCTCTGTGCCCCTACTTCCCAG,TRUE
GTGGGAATAGCAAGAGAACTGAAAGTGGAGCCTGTCACATCTCCAGACTCCAGTTTTAGTTCTCTTGCTATTTCCAC,FALSE
CGCCCACCTCAGCCTCCCAAAATGCTGGGATTACAGGCATGAGCCACTGCGGTCGACCATGACCTGGACATGTTTGTGCCCAGTACTGTCAGTTTGCAG,FALSE
CCATTTTAGAGGCTGGAATAGAGATTCTTGAGGCTTGGAAGAGTAAGGATCCCTTTATCTGTCCTCTAG,TRUE
TAATGGAAAGGTACTCACAGAAAAGTTTTCTTTTTTCCTGTGTTTCACCTTCCAG,TRUE
TGGGCCAGGACTAAGGGATGGGCGTGTCTTCATGTGGGGCTTCTCATCTCTGATTCCCTGACCAG,TRUE
GGCTACAGTCTTTCTTCATGTGACTCGTGGACTTCCCTTTGTCATCCTATGCCTGAGAATATATGAAGGAGGCTGGGAAGGCAAAGGGACGTTCAATTGTCATCACTGGC,FALSE
TGTGTTCCCTATCCTCCTTATGTCCCACCCCCACTCCTGTTTGAATATTTCACCAGAAACAGGAGTGGGGGGTGGGACGTAAGGAGGATGGGGGAAAGAACA,FALSE
TGTGGAGACAGCGGGACACATGGCACTGGCCAGGTACCACCCTGTGTGCCCCTGCCCCGCAG,TRUE
CTGGGCCGGGCTGGGCTGGGGGCGCCGCAAGCTGGGGCTCCCAGCTGACGGACCGCTCTCCTTGCAG,TRUE
ACGTCAGGGAAAGGATTCTGCTGTCGGTCCCACTCCAAAGTTCACAGAATGGGTGGTGGGCACAGAATCTGGACTCTGCTTGTG,FALSE
GTGCGGCTCTGTGGGTGCCCGGGCCGTATGTGGCCTGGCCGGCCCTGACGCTCTCTGAGCCCTAG,TRUE
CTCAGGCTGTGACACTCTAGAGGGAAGCGCTTTCTGTTGTCTGAAAGAAAGGAAAGTGCATCCTTTTAGAGTGTTACTGTTTGAG,FALSE
CAAATACATAGGTGTTATCCTATCCATTTGCCTCTCTCAGAAAATAGAGTCAAATGGACAGGATAACACCTATGTATTTG,FALSE
GTGAGTGGGGACTTGGGAAGGAGCTCGGGAGCCAAGGAGGCCAGACTGTGCCAATGAGCTGCCCTGACCTCAGCCCCACTGCCCCACAG,TRUE
CCAGACCCCTGGGGCTGGGCAGGCGGAAAGAGGTCTGAACTGCCTCTGCCTCCTTGGTCTCCGGCAG,TRUE
TCCTGCTTGTCCTGCGAGGTGTCTTGCAGGCCGTCATGCAGGCCACACTGACGGTAACGTTGCAGGTCGTCTTGCAGGGCTTCTCGCAAGACGACATCCTCATCACCAACGACG,FALSE
AGGCCTCGCTGTTCTCTATGGCTTTTTATTCCTATGTGATTCTACTGCTCACTCATATAGGGATTGGAGCCGTGGCGCACGGCGGGGACA,FALSE
TTGGGCTGCGAGGGACTTTGGGGGGCACTTCCTGGCATGGACACCAGCTCCCTCTCTGCCCAG,TRUE
AATCTATCACTGCTTTTTAGGATAAGCTTGACTTTTGTTCAAATAAAAATGCAAAAGGAAAGTGTATCCTAAAAGGCAATGACAGTTTAATGTGTTT,FALSE
TTGTTCTCAAACTGGCTGTCAGAGTGTGCATGGCAGGCTGCAGCCACTTGGGGAACTGGT,FALSE
AGAACTTGAGGGGAGAATGAGGTGGAGAAGCCCAGGTTCTGAATCCCCTTCCCTCACTCTTCTCTCAG,TRUE
CAGGGAGGAGGTGGTACTAGGGGCCAGCAACCTGATTACCCCTCTTTGGCCCTTTGTACCCCTCCAG,TRUE
GGACAGGCACCTGAGGCTCTGTTAGCCTTGGCTCTGGGTCCTGCTCCTTAGAGCAGAGGCAGAGAGGCTCAGGGTCTGTCT,FALSE
CCTGCGGGGACAGGCCAGGGCATCTAGGCTGTGCACAGTGACGCCCCTCCTGCCCCCACAG,TRUE
GGCACCATTAGGTAGACTGGGATTTGTTGTTGAGCGCAGTAAGACAACAACAAAATCACTAGTCTTCCAGATGGGGCC,FALSE
GGTAAGTGCGCCTCGGGTGAGCATGCACTTAATGTGGGTGTATGTCACTCGGCTCGGCCCACTACC,FALSE
GAAAGCGCTTTGGAATGACACGATCACTCCCGTTGAGTGGGCACCCGAGAAGCCATCGGGAATGTCGTGTCCGCCCAGTGCTCTTTC,FALSE
GAGGAGGGGAGGTGTGCAGGGCTGGGGTCACTGACTCTGCTTCCCCTGCCCTGCATGGTGTCCCCACAG,TRUE
ATGAGTTTGCTTTGTGTCATCCTCACAACAACCTTGCAGGGTAGAGATGATTTTTCCTACTTTTCTAGGTTGTTGGGGGCTGGGGCAGGGGGAACAGAG,FALSE
TGTGCATCGTGGTCAAATGCTCAGACTCCTGTGGTGGCTGCTCATGCACCACGGATGTTTGAGCATGTGCTACGGTGTCTA,FALSE
GCTGGCCCTGGGCAGCGTGTGGCTGAAGGTCACCATGTTCTCCTTGGCCATGGGGCTGCGCGGGGCCAGC,FALSE
AAAAGTAATTGCGGGTTTTGCCGTTGCTTTTAATGGTAAAACCCACAATTATGTTTGT,FALSE
GAAAGTTGAAGGGACAAGTCAGATATGCCATTATGTGGGTCATGAGGTGGTGAGACTTCTCTCCCTTCAG,TRUE
GTGGTGTCCTACTCAGGAGAGTGGCAATCACATGTAATTAGGTGTGATTGAAACCTCTAAGAGTGGAGTAACAC,FALSE
TCCAAAGGGATATATATGACTGCATGTATGTGCTGTGTATTCTCTCTTTGAACAG,TRUE
TGAGGATGAAAGACCCATTGAGGAGAAGGTTCTGCTGGCTGAGAACCTTCCTCTCCATGGGTCTTTCATCCTCA,FALSE
TCTGGGGCTGAGGCTGGCTGAGGCCCCTCCCCACCCACACCCAGCCTCCTCTCCAG,TRUE
GGTGGAGTAGAGAGGAAAAGTTAGGGTCAGTGGCAGAGCCAGGCAGATGCTGACCCTTTTTCTCTTTCCCAG,TRUE
CAGCCAGGGCTGAGGCCAGTGCTGGAAGCCTTGTGGAGCTTGTGCTGACCTCAGCTCTGTTCCCCCAG,TRUE
GTGGCACTCAAACTGTGGGGGCACTTTCTGCTCTCTGGTGAAAGTGCCGCCATCTTTTGAGTGTTAC,FALSE
CTTCCTGGTGGGTGGGGAGGAGAAGTGCCGTCCTCATGAGCCCCTCTCTGTCCCACCCATAG,TRUE
CGGGGCAGAGAGAAGCCATGTGTGTCTGTCTGTCACTGACCGTGGCTTTCCCTTTGCCTGCAG,TRUE
GTGAGCTAGGGCTGCTTGGGGGCGGAGCCGATGGCGAGCCAGGTGGGTCCTGACCCTGCTTCCCTCTGCACTCGCCCAG,TRUE
AATGTTGGCAAGGAAAGAAGAGGATCATGTTTGCCCCCGTGGACAGCTCTCTGGTGTGCTCCTCCTGCCATCCTGCCCACCCCTGCATAATGCTGCTTCTCTTCTCTCCTTCCCAG,TRUE
TCCGCTCTGTGGAGTGGGGTGCCTGTCCCCTGCCACTGGGTGACCCACCCCTCTCCACCAG,TRUE
TAAAAGGTAGATTCTCCTTCTATGAGTACATTATTTATGATTAATCATAGAGGAAAATCCACGTTTTC,FALSE
ACCTACCTAACTGGGTTAGGGCCCTGGCTCCATCTCCTTTAGGAAAACCTTCTGTGGGGAGTGGGGCTTCGACCCTAACCCAGGTGGGCTGT,FALSE
GTGGGTCTCGCATCAGGAGGCAAGGCCAGGACCCGCTGACCCATGCCTCCTGCCGCGGTCAG,TRUE
ATGGAGGGAATCGGCAGCTGAGGCCTGACCCCTGCCTGGCTGCCCTCCCTCTCAG,TRUE
CAGGGTGTGTGACTGGTTGACCAGAGGGGCATGCACTGTGTTCACCCTGTGGGCCACCTAGTCACCAACCCTC,FALSE
CTGACTGGCTTGTATGGAGGTTCTAGACCATGTTAGTGTTCAAGTCTACATGGATGGAAACCTTCAAGCAGGCCAAGCAG,FALSE
CTGACTATGCCTCCCCGCATCCCCTAGGGCATTGGTGTAAAGCTGGAGACCCACTGCCCCAGGTGCTGCTGGGGGTTGTAGTC,FALSE
TTTCCTGTCCTCCAACCAGACCATGCCACATCCGTCTGGTCCTGGACAGGAGGC,FALSE
TGGTGGGGTGGAGGAGGAGAGAAGCTGGAGGCCTCAATCCATCCCCATCCCCTCAG,TRUE
TGATGAGGGGGTAGAAAGTGGCTGAAGCGAGATGTTTGTCTAAAAGCACTTTTCTGTCTCCCAG,TRUE
CGTGTGAGCCCGCCCTGTGCCCGGCCCACTTCTGCTTCCTCTTAGCGCAGGAGGGGTCCCGCACTGGGAGGGGCCCTCAC,FALSE
ATCTGACACAAAATGTGAACCAAGCAATTCTCAAAGGAGCCTCCCAGGAAATTCACTTTAGGAAGTCCTAGGAGGCTCCTCTGAGAGTTGCTAAAACAAAACATTGAGAGTCC,FALSE
TACTTAAAGCGAGGTTGCCCTTTGTATATTCGGTTTATTGACATGGAATATACAAGGGCAAGCTCTCTGTGAGTA,FALSE
ATAAAGGAAGTTAGGCTGAGGGGCAGAGAGCGAGACTTTTCTATTTTCCAAAAGCTCGGTCTGAGGCCCCTCAGTCTTGCTTCCTAACCCGCGC,FALSE
ACCTGTAGGTGACAGTCAGGGGCGGGGTGTGGTGGGGCTGGGGCTGGCCCCCTCCTCACACCTCTCCTGGCATCGCCCCCAG,TRUE
CTTGTCATGTCTTACCCAGTCTCCGGTGCAGCCTGTTGTCAAGGCTGCACCGGAGACTGGGTAAGACATGACAAG,FALSE
TGAAGTGCTGTGGATTTCTTTGTGAATCACCATATCTAAGCTAATGTGGTGGTGGTTTACAAAGTAATTCATAGTGCTTCA,FALSE
GGCTTTACAAGTCAGGAGCTGAAGCAGCTGGAATTCAAGCCCTGCTGCCTCTCCTCTTGCCTGCAG,TRUE
GGGAAGGGCTTCAGCCAGGCTAGTGCAGTCTGCTTTGTGCCAACACTGGGGTGATGACTGCCCTAGTCTAGCTGAAGCTTTTCCC,FALSE
GCCTCAGTTGCCCCATCTGTGCCCTGGGTAGGAATATCCTGGATCCCCTTGGGTCTGATGGGGTAGCCGATGC,FALSE
GCCGAGACCGAGTGCACAGGGCTCTGACCTATGAATTGACAGCCAGTGCTCTCGTCTCCCCTCTGGCTGCCAATTCCATAGGTCACAGGTATGTTCGCCTCAATGCCAGC,FALSE
ACCTCTCTAACAAGGTGCAGAGCTTAGCTGATTGGTGAACAGTGATTGGTTTCCGCTTTGTTCACAGTGGCTAAGTTCTGCACCTGAAGAGAAGGTG,FALSE
TATGCAGGCCTGTGTACAGCACTCAGGCAGTGCCATGAGCCTGTGCTTGTCCCTGCAG,TRUE
GCTTATCGAGGAAAAGATCGAGGTGGGTTGGGGCGGGCTCTGGGGATTTGGTCTCACAGCCCGGATCCCAGCCCACTTACCTTGGTTACTCTCCTTCCTTCT,TRUE
CAGACAGGGAGGGTGTGGTATGGATGTGTTGACCCCTGAAGTGGTTCTGATGACCTTTCCCTATCTCACTCTCCTCAG,TRUE
TGTGGGAGAGGAACATGGGCTCAGGACAGCGGGTGTCAGCTTGCCTGACCCCCATGTCGCCTCTGTAG,FALSE
GGTTGTGCCCACAGGCACGACTGGTTTGGCAATTCAGTAAAAATGCTCAAACCGGCTGTGCCTGTGGACGCAGCCCA,FALSE
CCAGAGGACACCTCCACTCCGTCTACCCAGTGTTTAGACTATCTGTTCAGGACTCCCAAATTGTACAGTAGTCTGCACATTGGTTAGGCTGGGCTGGGTTAGACCCTCGG,FALSE
ACCTTCCTGAAAGAGGTTGGGGCAGGCAGTGACTGTTCAGACGTCCAATCTCTTTGGGACGCCTCTTCAGCGCTGTCTTCCCTGCCTCTGCCTTTAGGACGAGTCTCAAA,FALSE
CGTTGCTGCAGCTGGTGTTGTGAATCAGGCCGACGAGCAGCGCATCCTCTTACCCGGCTATTTCACGACACCAGGGTTGCATCA,FALSE
CAGGGGAATTGGAGCTGGATTCTAGTGTGGGAGCACGCTTGTCATCTTCCTTCTTTTCCCCCAG,TRUE
CGGGAATGCCGCGGCGGGGACGGCGATTGGTCCGTATGTGTGGTGCCACCGGCCGCCGGCTCCGCCCCGGCCCCCGCCCC,FALSE
TCTATTTAGCCAATTGTCCATCTTTAGCTATTCTGAATGCCTAAAGATAGACAATTGGCTAAATAGA,FALSE
CCTGTGCAGAGATTATTTTTTAAAAGGTCACAATCAACATTCATTGCTGTCGGTGGGTTGAACTGTGTGGACAAGCTCACTGAACAATGAATGCAACTGTGGCCCCGCTT,FALSE
TCTCATGCTGTGACCCTACAAAGGGAAGCACTTTCTCTTGTCCAAAGGAAAAGAAGGCGCTTCCCTTTGGAGTGTTACGGTTTGAGA,FALSE
TGGGGCGGACAGCGCATACCTGCCTAGCCTTACAGTGTGGGTATGTGCCAACGGCCCTCTCTCACTCAG,TRUE
TGGTAAGAGTAAATGTGTAACCAGTTGCAGTTATTTTGTGCCTTGGACATCTGCTCTTCCAG,TRUE
CCAGGGGTGTGTGGCCCAGTGGGGTCCCCTGAGCCACTGCTCCCCTGCAG,TRUE
GGGCTTAGGGATGGGAGGCCAGGATGAAGATTAATCCCTAATCCCCAACACTGGCCTTGCTATCCCCAG,TRUE
TTGGTACTTGGAGAGTGGTTATCCCTGTCCTGTTCGTTTTGCTCATGTCGAATCGTACAGGGTCATCCACTTTTTCAGTATCAA,FALSE
TGCTCCCTCTCTCACATCCCTTGCATGGTGGAGGGTGAGCTTTCTGAAAACCCCTCCCACATGCAGGGTTTGCAGGATGGCGAGCC,FALSE
AGGAAGCTTCTGGAGATCCTGCTCCGTCGCCCCAGTGTTCAGACTACCTGTTCAGGACAATGCCGTTGTACAGTAGTCTGCACATTGGTTAGACTGGGCAAGGGAGAGCA,FALSE
CATGCTACGTATGTATACACCTGATATGTGTATGTGTAAATACATATCCACACACATAGCAGGTGTATATATAGGTAGCCTG,FALSE
TTTGGGACCAGCAGATGAGGGCTGTGAGAGAGCTCTGACTTAGTGCCCTACATCTGCCTTCCCTCTAG,TRUE
TCAGGAGGTAGAGCAGGCAGCTGCCCAGGTCTCACACCTGCCCTCTCTGCCCTCTCT,TRUE
ATGGTCACCTCCGGGACTCAGCCCTGTGCTGAGCCCCGGGCAGTGTGATCATC,FALSE
GGGGCCTGCAGGCAGAAGTGGGGCTGACAGGGCAGAGGGTTGCGCCCCCTCACCACCCCTTCTGCCTGCAG,TRUE
GTGCAGAGTTATTGCCTCTGTTCTAACACAAGACTAGGCTTCCCTGTGTTAGAATAGGGGCAATAACTCTGCAC,FALSE
CAATAGACACCCATCGTGTCTTTTGCTCTGCAGTCAGTAAATATTTTTTTGTGAATGTGTAGCAAAAGACAGAATGGTGGTCCATTG,FALSE
TGAGTTTTGAGGTTGCTTCAGTGAACATTCAACGCTGTCGGTGAGTTTGGAATTAAAATCAAAACCATCGACCGTTGATTGTACCCTATGGCTAACCATCATCTACTCCA,FALSE
TCGGAGGCATTGGGGCTGACCTCATCTCCCTGACCATGTCTCCTATGCCCCCAAG,TRUE
CTTGAATCCTTGGAACCTAGGTGTGAGTGCTATTTCAGTGCAACACACCTATTCAAGGATTCAAA,FALSE
TCCAGCCTGTGCCCAGCAGCCCCTGAGAACCACGTCTGCTCTGAGCTGGGTACTGCCTGTTCAGAACAAATGCCGGTTCCCAGACGCTGCCAGCTGGCC,FALSE
AGGGCTCCTGACTCCAGGTCCTGTGTGTTACCTAGAAATAGCACTGGACTTGGAGTCAGAAGGCCT,FALSE
AGATACTGTAAACATCCTACACTCTCAGCTGTGGAAAGTAAGAAAGCTGGGAGAAGGCTGTTTACTCTTTCT,FALSE
GCCCTAGCTTGGTTCTAAATCCCATGGTGCCTTCTCCTTGGGAAAAACAGAGAAGGCACTATGAGATTTAGAATCAAGTTAGG,FALSE
ATGGGCGGGAATTCAGAGCCAGTCAGGGCACGCGAGTGACTACCGGCCTGTTTCTCTCCTAG,TRUE
AGTACCAAAGTGCTCATAGTGCAGGTAGTTTTGGCATGACTCTACTGTAGTATGGGCACTTCCAGTACT,FALSE
AGCGGTGGCCAGTGTCATTTTTGTGATGTTGCAGCTAGTAATATGAGCCCAGTTGCATAGTCACAAAAGTGATCATTGGAAACTGTG,FALSE
GAAGATCTCAGGCAGTGACCCTCTAGATGGAAGCACTGTCTGTTGTCTAAGAAAAGATCGTGCATCCTTTTAGAGTGTTACTGTTTGAGAAAATC,FALSE
AGAGGCACCGCCTGCCCAGTGACATGCGTTTAACGGCCGCGGTACCCTAACTGTGCA,FALSE
TGTGATCACTGTCTCCAGCCTGCTGAAGCTCAGAGGGCTCTGATTCAGAAAGATCATCGGATCCGTCTGAGCTTGGCTGGTCGGAAGTCTCATCATC,FALSE
TCTGGAGGTGGAAGGAAAGGATTGGGAGCCAGCAATACTTTCCCTCCTTTTCCAG,TRUE
GTGAGTGGGGCTCCCGGGACGGCGCCCGCCCTGGCCCTGGCCCGGCGACGTCTCACGGTCCC,TRUE
ATGATTATATGAGGGACAGATGCCAGAAGCACTGGTTATGATTTGCATCTGGCATCCGTCACACAGATAATTAT,FALSE
TAAGGGGAGAGGGAATGTGGGACATGACCCATCATTTCCTCCTTCCCCAG,TRUE
AAAAGGTGGATATTCCTTCTATGTTTATGTTATTTATGGTTAAACATAGAGGAAATTCCACGTTTT,FALSE
GAGGGAGTGGGGTGGGACCCAGCTGTTGGCCATGGCGACAACACCTGGGTTGTCCCCTCTAG,TRUE
ATCTCTTACACAGGCTGACCGATTTCTCCTGGTGTTCAGAGTCTGTTTTTGTCTAGCACCATTTGAAATCGGTTATGATGTAGGGGGA,FALSE
GCGGGCGGCCCCGCGGTGCATTGCTGTTGCATTGCACGTGTGTGAGGCGGGTGCAGTGCCTCGGCAGTGCAGCCCGGAGCCGGCCCCTGGCACCAC,FALSE
GGGAGGAGGGAGGAGATGGGCCAAGTTCCCTCTGGCTGGAACGCCCTTCCCCCCCTTCTTCACCTG,FALSE
TATGGGACCAAGGAGAGGGCGTACCTACAAGGGTTGACGTTCCTCTTCCTGCCCCAG,TRUE
CATTGGAGGGTGTGGAAGACATCTGGGCCAACTCTGATCTCTTCATCTACCCCCCAG,TRUE
TGGGGTAGGGGTGGGGGAATTCAGGGGTGTCGAACTCATGGCTGCCACCTTTGTGTCCCCATCCTGCAG,TRUE
TTATTAGGTTGGTACAAAAGCAATCGCGGTTTTTGCTATTACTTTTAAAGGCAAAAACTGAGACTACTTTTGCACCAACCTGATAGAA,FALSE
ACCTGAGGAGCCAGCCCTCCTCCCGCACCCAAACTTGGAGCACTTGACCTTTGGCTGTTGGAGGGGGCAGGCTCGCGGGT,FALSE
GTTGTCTGTGGTACCCTACTCTGGAGAGTGACAATCATGTATAACTAAATTTGATTGACACTTCTGTGAGTAGAGTAACGCATGACAC,FALSE
TGATAGGGAAACCAGGCAAGAAATATTGTCTCCTCAAGTTGCGACGAGACAGTAGTTCTTGCCTGGTTTCTCTATCA,FALSE
TTCATTCCTTCAGTGTTGAAACAATCTCTACTGAACCAGCTTCAAACAAGTTCACTGGAGTTTGTTTCAATATTGCAAGAATGATAAGATGGAAGC,FALSE
GTGTACAGTGCCTTTCACAAGGAGGTGTCATTTATGTGAACTAAAATATAAATGTCACCTTTTTGAGAGGAGTAATGTACAGCA,FALSE
CAGCTCAGGGCCAGGCACAGAGTAAGCATCAATAGCATTGGCAAGTTGAACTGAGCTGTCTCTCGCCCTTGGCCTTAG,TRUE
AAAGCAAGCTCAGGTTTGAGAACTGCTGATGTCATCAGTCATAACTTCTGCGTTTCTCCTCTTGAGCAG,TRUE
CAGTGCGACGGGCGGAGCTTCCAGACGCTCCGCCCCACGTCGCATGCGCCCCGGGAAAGCGTGGGGCGGAGCTTCCGGAGGCCCCGCCCTGCTG,FALSE
TTTGGAGGGGTGTGGAAAGAGGCAGAACATTCGTTCACTTTCCTGCCTTCCTCTGCACCAG,TRUE
CAAGAAGGAGGATGGAGAGCTGGGCCAGACATGCTCTTGCCTGCCCTCTTCCTCCAG,TRUE
TTTCTCCTCGCTGCCCGCACATCCTGCTCCACAGGGCAGAGGGAGGCCAAGAAGACCTCTGCACTGTGAGTTGGCTGGCTGGAGGAA,FALSE
GGGCTGACCCCTAGGGTCAGGTGAGGCCCTTGGGGCACAGTGGTGCCATCTCCCCTGTGCTCCCAGGGCCTCGCCTGTCCCTTGAGGTCGGCCC,FALSE
GTGAGTGAGCTGCCGCCCTCCCAGCCACATGCCCCGAGGTGGCCCCGGGGTGCAGCCTGCTCAGC,TRUE
TGTGGGAGAGGAACATGGGCTCAGGACAGCGGGTGTCAGCTTGCCTGACCCCCATGTCGCCTCTGTAG,FALSE
AGTTGCAGGAAGGAGACAGGCAGTTCAGGAGGTGGCACTGCTGTGTGTGAGCTGTCTGTGTTTTCCTTCTCAG,TRUE
AGGGCAGAGGGAATCCCACACGGGCTGGTGGATCATGTGTGTGCATTTCTCTCCCTTCTAG,TRUE
TCTCAGTCTGTGGCACTCAGCCTTGAGGGCACTTTCTGGTGCCAGAATGAAAGTGCTGTCATAGCTGAGGTCCAATGACTGAGG,FALSE
GGCAGTGTTTAGGCCACAGCCACCCATGTGTAGGGGTGGCTACACATGGGTGGCTGTGGCCTAAACACTGCC,FALSE
TGGCAAGTCTCCGCATATGCCTGGCTAGCTCCTCCACAAATGCGTGTGGAGGAGCTAGCCAGGCATATGCAGAGCGTCA,FALSE
GCAGGGCTGGCAGGGAGGCTGGGAGGGGCTGGCTGGGTCTGGTAGTGGGCATCAGCTGGCCCTCATTTCTTAAGACAGCACTTCTGT,FALSE
AGAAGGGCTATCAGGCCAGCCTTCAGAGGACTCCAAGGAACATTCAACGCTGTCGGTGAGTTTGGGATTTGAAAAAACCACTGACCGTTGACTGTACCTTGGGGTCCTTA,FALSE
TGTCTATAATAAACTGAAATATTTGGGACTGATCTTGATGTCTGCCAAGGTTTTGGCAGACATCAAGATCAGTCCCAAATATTTCAGTTTATTATAAACA,FALSE
TGGGGGGATAGAGGCATGGAATAGGTGCTCTGACCTCTGACCCTCTAG,TRUE
TCTGAGGAGACCTGGGCTGTCAGAGGCCAGGGAAGGGGACGAGGGTTGGGGAACAGGTGGTTAGCACTTCATCCTCGTCTCCCTCCCAGGTTAGAAGGGCCCCCCTCTCTGAAGG,TRUE
TTGGGGAGCTCAGACAGGGCAAATAGGTGGGTCTTTGATAAGGAATACCTTTGCCTCTGGCTCACCCTCTAG,TRUE
TCCACCCAGCAGGCGCAGGTCCTGTGCAGCAGGCCAACCGAGAAGCGCCTGCGTCTCCCATTTTCGGGCTGGCCTGCTGCTCCGGACCTGTGCCTGATCTTAATGCTG,FALSE
TCTCAGGTTGTGACCTTCTCGAGGAAAGAAGCACTTTCTGTTGTCTGAAAGAAAAGAAAGTGCTTCCTTTCAGAGGGTTACGGTTTGAGA,FALSE
AGTCTAGTTACTAGGCAGTGTAGTTAGCTGATTGCTAATAGTACCAATCACTAACCACACGGCCAGGTAAAAAGATT,FALSE
TCACTTTAAAGAGTGGCAAAGTCTTTCCATATGTGTAACAGACATACATACATACATATGGAAAGACTTTGCCACTCTTGAAAGTGA,FALSE
AGGCGATGTGGGGATGTAGAGACAACTTCCCAGTCTCATTTCCTCATCCTGCCAG,TRUE
TGGAGGGGAAACTTGGATTGGGGAGAGGGCTCTGCCCTCCCTTCCTCATTCCAGGGCTCTCCTCTACCCTTAG,TRUE
CCTTTGCTTTAACATGGGGGTACCTGCTGTGTGAAACAAAAGTAAGTGCTTCCATGTTTCAGTGGAGG,FALSE
GTTTAGGGGTGGACCTGATGTCCCTGAGTGTATGTGGTGAACCTGAATTTGCCTTGGGTTTCCTCATATTCATTCAGGAGTGTCAGTTGCCCCTTCAC,FALSE
CTCGGGAGGGGCGGGAGGGGGGTCCCCGGTGCTCGGATCTCGAGGGTGCTTATTGTTCGGTCCGAGCCTGGGTCTCCCTCTTCCCCCCAACCCCCC,FALSE
TTGAGCGAGAGATTGTGGCGCACCGAGTTCTTCCAGCCCTGGTAGGCGCCGCGGAAGAAGGGGAAGCGCGCCTGCAGGAACTGGTAGATCTCGCTGAG,FALSE
TCTGCTCTGAGAGAGCTCGATGGCAGGTGCCTCCGTGTTGCCGAACCCTCCTACGCTGCTCTCTCACTCCAG,TRUE
TTTAGGAGAGAGATGCCGCCTTGCTCCTTGAACAGGAGGAGCAAGGCGGCATCTCTCTGATACTAAA,FALSE
CTCAAGCTGTGACTCTCCAGAGGGATGCACTTTCTCTTATGTGAAAAAAAAGAAGGCGCTTCCCTTTAGAGCGTTACGGTTTGGG,FALSE
GTGAGCACCGTGCTGGGTGGCAGGGAGGCCAGGGGCCCACCTAGTGCCACCTTTCCGTGACTCCTGCTGTCTCCCTGCAG,TRUE
GCTATTAGGTTGGTGCAAAAGTAATCGCGGTTTTTGTCATTACTTTAATTACTTTACGTTTCATTAATGACAAAAACCGCAATTACTTTTGCACCAACCTAATACTTGCTA,FALSE
AATGGGTGGGTGCTGGTGGGAGCCGTGCCCTGGCCACTCATTCGGCTCTCTCCCTCACCCTAG,TRUE
TGGCCGATTTTGGCACTAGCACATTTTTGCTTGTGTCTCTCCGCTCTGAGCAATCATGTGCAGTGCCAATATGGGAAA,FALSE
CGGGGTTGGTTGTTATCTTTGGTTATCTAGCTGTATGAGTGGTGTGGAGTCTTCATAAAGCTAGATAACCGAAAGTAAAAATAACCCCA,FALSE
GGGATACTCAAAATGGGGGCGCTTTCCTTTTTGTCTGTACTGGGAAGTGCTTCGATTTTGGGGTGTCCC,FALSE
GTGCTTCCTGCGGGCTGAGCGCGGGCTGAGCGCTGCCAGTCAGCGCTCACATTAAGGCTGACAGCGCCCTGCCTGGCTCGGCCGGCGAAGCTC,FALSE
TGCTTCCTTTCTCAGCTGAACCCCTGCCCCTGGAGCCCCCAGCAGGGCCCTCTGAGGTGGAACAGCAGC,FALSE
ACATTGCTACTTACAATTAGTTTTGCAGGTTTGCATTTCAGCGTATATATGTATATGTGGCTGTGCAAATCCATGCAAAACTGATTGTGATAATGT,FALSE
TCTGCAGTGGATGGGAGAGGACACGGCTGGTGGGGATCGGGCTCAGCTGGGCCTTTCTGTCTCTGCAG,TRUE
TAAATTTGTGTCTATACTCTGTCACTTTACTTTTGGCCTCAAGTCATTGCAGTAAAGTGGCAGAGTATAGACACAAATTTA,FALSE
TGTGGGACCTGGGGTGCAAGTGCAAGAGCAACAGCCACTCACCCCAAACCCCAAG,TRUE
GTGTGGCCGGCAGGCGGGTGGGCGGGGGCGGCCGGTGGGAACCCCGCCCCGCCCCGCGCCCGCACTCACCCGCCCGTCTCCCCACAG,TRUE
TGGGAAACATACTTCTTTATATGCCCATATGGACCTGCTAAGCTATGGAATGTAAAGAAGTATGTATCTCA,FALSE
CTTGGTCAATAGGAAAGAGGTGGGACCTCCTGGCTTTTCCTCTGCAGCATGGCTCGGACCTAGTGCAATGTTTAAGCTCCCCTCTCTTTCCTGTTCAG,TRUE
ACGGGGGCTGAGAGCAGAACCCCGAGCTGGACTCTGCTCCCTCCCCCCAG,TRUE
TGGGGTGGTGACAGTAGAAGGCTGAAACCAACATAGCTGAAACCTCTGCTTCTCTCACCTGGCAG,TRUE
TCAGAGTGAGGTAGTAGATTGTATAGTTGTGGGGTAGTGATTTTACCCTGTTCAGGAGATAACTATACAATCTATTGCCTTCCCTGA,FALSE
CATATTAGGTTAATGCAAAAGTAATCGCGGTTTGTGCCAGATGACGATTTGAATTAATAAATTCATTTGGTATAAACCGCGATTATTTTTGCATCAAC,FALSE
GAACGATAGCAGCATGAACCTGTCTCACTGCAGAATTATTTTGAGACAGGCTTATGCTGCTATCCTTCA,FALSE
CAGCGTGGGCTGCTGAGAAGGGGCAGGGTCCTCCAGCTCATTCCTCCTGCCTCCTCCGTGGCCTCAG,TRUE
TGTCACTCCGCCAGCATCATGAAGTGCACTCATGATATGTTTGCCCCATCAGCGTGTCACGAGGGCATTTCATGATGCAGGCGGGGTTGGCA,FALSE
TGAGAACTGACAAATGTGGTAGGTGGTCGAAGTCATCCACACCATGGACGGTTTACC,FALSE
CACCAGGGCAGAGCAGGGCTGATCATCTCACGTCAGAGAGAGGGGAAGGGGCTGCCCAGTGAGCCCCCACAGGGCTCTACATCTCCAGCTGGGCCTGGCTGGAGATCCCAGGGTCCCTGAAGGCCCCCGCCACCGTTCTGGTCTGTCTCTGCCCTGGCACCCAG,TRUE
GAGAATGGGGGGACAGATGGAGAGGACACAGGCTGGCACTGAGGTCCCCTCCACTTTCCTCCTAG,TRUE
TGGTACCTGAAAAGAAGTTGCCCATGTTATTTTCGCTTTATATGTGACGAAACAAACATGGTGCACTTCTTTTTCGGTATCA,FALSE
TGAGAGGCTGAAAGGGGTCTGCGGCCCCAGCTGACCCCCGTCTTTCTCTCTAG,TRUE
GGGACGGGGCCTGCAGGCAGAAGTGGGGCTGACAGGGCAGAGGGTTGCGCCCCCTCACCACCCCTTCTGCCTGCAGCGGTGGGCT,TRUE
CCTGCAGGCAGAAGTGGGGCTGACAGGGCAGAGGGTTGCGCCCCCTCACCATCCCTTCTGCCTGCAG,FALSE
CCGCCCCCGCGTCTCCAGGGCAACCGTGGCTTTCGATTGTTACTGTGGGAACTGGAGGTAACAGTCTACAGCCATGGTCGCCCCGCAGCACGCCCACGCGC,FALSE
AGAGTGTTCAAGGACAGCAAGAAAAATGAGGGACTTTCAGGGGCAGCTGTGTTTTCTGACTCAGTCATAATGCCCCTAAAAATCCTTATTGTTCTTGCAGTGTGCATCGGG,FALSE
GTGAGTGACAGGGGAAATGGGGATGGACTGGAAGTGGGCAGCATGGAGCTGACCTTCATCATGGCTTGGCCAACATAATGCCTCTTCCCCTTGTCTCTCCAG,TRUE
GAGGGCAGCGTGGGTGTGGCGGAGGCAGGCGTGACCGTTTGCCGCCCTCTCGCTGCTCTAG,TRUE
CCTGGCCTCCTGCAGTGCCACGCTCCGTGTATTTGACAAGCTGAGTTGGACACTCCATGTGGTAGAGTGTCAGTTTGTCAAATACCCCAAGTGCGGCACATGCTTACCAG,FALSE
CTCTAGGAAGCGACCATGATGTAACTTCACAGACTCTCCAAAAGTCTGAAGTTACATCATGGTCGCTTCCTAGAG,FALSE
ATGCGGGGCGGGGCCTGGGGTTGCCGCCCGAGGCTCACCGGCCCGCGTCCCCGCAG,TRUE
TCTTCTTGGGGGTGAGGTTGGTGTCTGGCCCCAGCAGCCCAGACTGAGCCTCTCTCTCTCCAG,TRUE
CCAAAGAAAGATGCTAAACTATTTTTGCGATGTGTTCCTAATATGTAATATAAATGTATTGGGGACATTTTGCATTCATAGTTTTGTATCAATAATATGG,FALSE
TGACTGGGGAGCAGAAGGAGAACCCAAGAAAAGCTGACTTGGAGGTCCCTCCTTCTGTCCCCACAG,TRUE
ACTTTATACGTGTAATTGTGATGAGGATGGATAGCAAGGAAGCCGCTCCCACCTGACCCTCACGGCCTCCGTGTTACCTGTCCTCTAGGTGGGACGCTCG,TRUE
TAAAGACTGTAGAGGCAACTGGTGTTCTCACGCAAAGTGGCCAGGGTGTGGGAGACTAGATCTTTGACTCTGGCAGTCTCCAGG,FALSE
ACTCAGGGGCTTCGCCACTGATTGTCCAAACGCAATTCTTGTACGAGTCTGCGGCCAACCGAGAATTGTGGCTGGACATCTGTGGCTGAGCTCCGGG,FALSE
GTGGTACCCTACTGCAGACGTGGCAATCATGTATAATTAAAAATGATTGGTACGTCTGTGGGTAGAGTACTGCAT,FALSE
GTGGGGGGAGTGCAGTGGCAGGAGGGAGAGTGTCCATAAAACACCATCCTGACTCAGCTCTGGCTCTGCTGTCTCCCCAG,TRUE
GGAGCTCAGCCACAGATGTCCAGCCACAATTCTCGGTTGGCCGCAGACTCGTACAAGAATTGCGTTTGGACAATCAGTGGCGAAGCCC,FALSE
CTGGGGTACGGGGATGGATGGTCGACCAGTTGGAAAGTAATTGTTTCTAATGTACTTCACCTGGTCCACTAGCCGTCCGTATCCGCTGCAG,FALSE
AAACAAGTTATATTAGGTTGGTGCAAAAGTAATTGTGGTTTTTGCCTGTAAAAGTAATGGCAAAAACCACAGTTTCTTTTGCACCAGACTAATAAAG,FALSE
AGAGGAACATGGGCTCAGGACAGCGGGTGTCAGCTTGCCTGACCCCCATGTCGCCTCTGTAG,TRUE
TGCTCCCCCTCTCTAATCCTTGCTATCTGGGTGCTAGTGCTGGCTCAATGCAATGCACCTGGGCAAGGATTCAGAGAGGGGGAGCT,FALSE
CATCCAGGACAATGGTGAGTGCCGGTGCCTGCCCTGGGGCCGTCCCTGCGCAGGGGCCGGGTGCTCACCGCATCTGCCCC,TRUE
CTCAGGTGCTCTGGCTGCTTGGGTTCCTGGCATGCTGATTTGTGACTTAAGATTAAAATCACATTGCCAGGGATTACCACGCAACCACGACCTTGGC,FALSE
TGACCTGAATCAGGTAGGCAGTGTATTGTTAGCTGGCTGCTTGGGTCAAGTCAGCAGCCACAACTACCCTGCCACTTGCTTCTGGATAAATTCTTCT,FALSE
TGGGTTTTGAATTTGCAGTAACAGGTGTGAGCATTCTAGCAGCAGTTTGATGATCATGTATGATACTGCAAACAGGACCTA,FALSE
CGGGCTCTGGGTGCAGTGGGGGTTCCCACGCCGCGGCAACCACCACTGTCTCTCCCCAG,TRUE
GTCAGAATAATGTCAAAGTGCTTACAGTGCAGGTAGTGATATGTGCATCTACTGCAGTGAAGGCACTTGTAGCATTATGGTGAC,FALSE
ACTGCTAACGAATGCTCTGACTTTATTGCACTACTGTACTTTACAGCTAGCAGTGCAATAGTATTGTCAAAGCATCTGAAAGCAGG,FALSE
TTGCCTACCTTGTTAGTCTCATGATCAGACACAAATATGGCTCTTTGTGGCTGGTCATGAGGCTAACAAGGTAGGCAC,FALSE
CAGCCTGGGGAAGGCTTGGCAGGGAAGACACATGAGCAGTGCCTCCACTTCACGCCTCTCCCTTGTCTCCTTTCCCTAG,TRUE
TGCGCTCCTCTCAGTCCCTGAGACCCTAACTTGTGATGTTTACCGTTTAAATCCACGGGTTAGGCTCTTGGGAGCTGCGAGTCGTGCT,FALSE
GAGGTGGGAGGATTGCTTGAGTCAGGGTGGTTGAGGCTGCAGTAAGTTGTGATCATACCACTGCACTCCAGCCTGAGTGACAGAGCAAGACCTTGTCTCA,FALSE
GGCCAGTGTTGAGAGGCGGAGACTTGGGCAATTGCTGGACGCTGCCCTGGGCATTGCACTTGTCTCGGTCTGACAGTGCCGGCC,FALSE
GTGTATTCTACAGTGCACGTGTCTCCAGTGTGGCTCGGAGGCTGGAGACGCGGCCCTGTTGGAGTAAC,FALSE
TTGGGTTGGGGTGGTCGGCCCTGGAGGGGGTTTGTTTGCTTATTCCCCTCTGTGCTTCACCCCTACCCAG,TRUE
CCCGGTGTGTGTGTAGAGGAAGAAGGGAAGCTGGGAACCTGACTGCCTCTCCCTCTTTACCCACTAG,TRUE
AGCTTCCCTGGCTCTAGCAGCACAGAAATATTGGCACAGGGAAGCGAGTCTGCCAATATTGGCTGTGCTGCTCCAGGCAGGGTGGTG,FALSE
GAGAATCATCTCTCCCAGATAATGGCACTCTCAAACAAGTTTCCAAATTGTTTGAAAGGCTATTTCTTGGTCAGATGACTCTC,FALSE
TGAGGTGCCTGGGTCAGTGCTGATAGGGCAGTCAGGCCGCCACTGACCTGAGCATCCTGCAG,TRUE
TGAGAGGCCGCACCTTGCCTTGCTGCCCGGGCCGTGCACCCGTGGGCCCCAGGGCGACGCGGCGGGGGCGGCCCTAGCGA,FALSE
AAAAGTACTTGCGGATTTGCCATCACCTTTACCTTTAATGGCAAAACTGCAGTTACTTTTGC,FALSE
AGGATTCTGCCATAGGAAGCTTGGAGTGGAACTGACCTGCCCCCTTTCTCTCTGACTCCATGGCAG,TRUE
GAAACTGGGCTCAAGGTGAGGGGTGCTATCTGTGATTGAGGGACATGGTTAATGGAATTGTCTCACACAGAAATCGCACCCGTCACCTTGGCCTACTTA,FALSE
CAGTAGCTATTTAGTGTGATAATGGCGTTTGATAGTTTAGACACAAACACCATTGTCACACTCCACAGCTCTG,FALSE
GTGAGTGGGAGGCCAGGGCACGGCAGGGGGAGCTGCAGGGCTATGGGAGGGGCCCCAGCGTCTGAGCCCTGTCCTCCCGCAG,FALSE
CGGCCGGCCCTGGGTCCATCTTCCAGTACAGTGTTGGATGGTCTAATTGTGAAGCTCCTAACACTGTCTGGTAAAGATGGCTCCCGGGTGGGTTC,FALSE
TCAGAAATAGGAAGGTGGAAGGGCTTCATGGATAATCTCCTTTTCCTCCACTATCTTGTTTCTACAG,TRUE
ACCAAGTTTCAGTTCATGTAAACATCCTACACTCAGCTGTAATACATGGATTGGCTGGGAGGTGGATGTTTACTTCAGCTGACTTGGA,FALSE
TTGAGGCCTTAAAGTACTGTAGCAGCACATCATGGTTTACATGCTACAGTCAAGATGCGAATCATTATTTGCTGCTCTAGAAATTTAAGGAAATTCAT,FALSE
TTTCCTGCCCTCGAGGAGCTCACAGTCTAGTATGTCTCATCCCCTACTAGACTGAAGCTCCTTGAGGACAGGGATGGTCATACTCACCTC,FALSE
CTGCTCCTTCTCCCATACCCATTGCATATCGGAGTTGTGAATTCTCAAAACACCTCCTGTGTGCATGGATTACAGGAGGGTGAGCCTTGTCATCGTG,FALSE
TCGCCTGCACATAGGCCAGGAGGACAGTGTGTGTCATGACTGAAACTCTCCTTTGTCTCTGTGTGTGGCAG,TRUE
AGGTTAGTGCAAAAGTAATTGCAGTTTTTGCGTTACTTTCAATCGTAAAAACTGCAATTACTTTCACACCAATCT,FALSE
ACGGGCAGGGCAGTGCACCCTGCAGGTGAGAGCGGGAACACCTGCATCACAGCCTTTGGCCCTAG,TRUE
TGCCAGTCTCTAGGTCCCTGAGACCCTTTAACCTGTGAGGACATCCAGGGTCACAGGTGAGGTTCTTGGGAGCCTGGCGTCTGGCC,FALSE
CCACGTGCCATGTGTACACACGTGCCAGGCGCTGTCTTGAGACATTCGCGCAGTGCACGGCACTGGGGACACGTGGCACTGG,FALSE
GGTGAGTGGGAGCCGGTGGGGCTGGAGTAAGGGCACGCCCGGGGCTGCCCCACCTGCTGACCACCCTCCCC,TRUE
CCATTCCTGCTGGTCAGGAGTGGATACTGGAGCAATAGATACAGTTCCACACTGACACTGCAGAAGTGG,FALSE
GGAGATATTGCACATTACTAAGTTGCATGTTGTCACGGCCTCAATGCAATTTAGTGTGTGTGATATTTTC,FALSE
GAATGTGGGAAAGAGAAAGAACAAGTAAAAGGAATTTTCATTTTCCAGCCCCTAATTGTTCTGTCTTTCTCCCAG,TRUE
ATGCAGGGGTAAGTCAGGACCACGGGAGGTGTCTGGTGCTGACCCTGGGTCCGGTTGTCCTGCAG,TRUE
CAGGGAAATGGGAAGAACTAGATTTGAATCCAGACCTTTAGTTCTTCCCTTTGCCCAATT,FALSE
AACCATTAGGGGGCTGTGGTTTGCCAGGGCAGGAGGTGGAAGGGAGCCCCATTTACAGTGGTAACTTCCTTTCCCTTTCCATCCTGGCAGGCTTCAGAGAACTTTACCAG,TRUE
TTAGTGGTACTATACCTCAGTTTTATCAGGTGTTCTTAAAATCACCTGGAAACACTGAGGTTGTGTCTCACTGAAC,FALSE
TCAGTCGGGCGCAAGAGCACTGCAGTTCTGTTGGGTGACAGCAGTGTTTGTTTTGCCCACAG,FALSE
AGAAAGAAGGAAATTGAATTCATTTAGAAAAGAGAATTCCAAATGAGCTTAATTTCCTTTTTTCT,FALSE
TTCTGTAGAGATTATCAGGCCTCTTTCTACCTTCCAAGGCTCAGAAGGTAGAATGAGGCCTGACATATCTGCAGGA,FALSE
CTTCAGGAAGCTGGTTTCATATGGTGGTTTAGATTTAAATAGTGATTGTCTAGCACCATTTGAAATCAGTGTTCTTGGGGG,FALSE
GTGGGCGGGGGCAGGTGTGTGGTGGGTGGTGGCCTGCGGTGAGCAGGGCCCTCACACCTGCCTCGCCCCCCAG,TRUE
TACCTGGGCGCAGGGATGGGAGTGGCCAGGAGTGCTGACCTCTCATCTGGCTGCCCAG,TRUE
CGGCGGTGCTAGGGGGTGAGAGGTAACATCTTCCACCCCTTACACCTGCCCTAG,TRUE
ATGGGAAGTTGATTAAGGGAAATGAACCAGCATTCTGCCCATTGCCTGCAACTTCTTCCCCAG,TRUE
GCTCCCCCTCTCTAATCCTTGCTACCTGGGTGAGAGTGCTGTCTGAATGCAATGCACCTGGGCAAGGATTCTGAGAGCGAGAGC,FALSE
AGCCAGGACTGAGCTTGGCGAGCCCCTGAAGCCCAGGGGTCTCACAGACTCTTCTCCTGCAG,TRUE
CCGAGTGGGGCGGGGCAGGTCCCTGCAGGGACTGTGACACTGAAGGACCTGCACCTTCGCCCACAG,TRUE
GGAGAAAGGAGTGGACCGAGGAAGGAAGGAAGGCAAGGCTGTCTGTCCATCCGTCCGTCTGTCCACCTACCTGTCAGTCC,FALSE
CGAGGTAGGGGCGTCCCGGGCGCGCGGGCGGGTCCCAGGCTGGGCCCCTCGGAGGCCGGGTGCTCACTGCCCCGTCCCGGCGCCCGTGTCTCCTCCAG,TRUE
GGATTGTGGGGGGTCGCTCTAGGCACCGCAGCACTGTGCTGGGGATGTTGCAGCTGCCTGGGAGTGACTTCACACAGTCCTC,FALSE
AGCACTGCCCCCGGTGAGTCAGGGTGGGGCTGGCCCCCTGCTTCGTGCCCATCCGCGCTCTGACTCTCTGCCCACCTGCAGGAGCT,TRUE
ATAAAATTTCCAATTGGAACCTAATGATTCATCAGACTCAGATATTTAAGTTAACAGTATTTGAGAATGATGAATCATTAGGTTCCGGTCAGAAATT,FALSE
TCCCATGCTGTGACCCTCCAAAGGGAAGCGCTTTCTGTTTGTTTTCTCTTAAACAAAGTGCCTCCCTTTAGAGTGTTACCGTTTGGGA,FALSE
TCTCATGCAGTCATTCTCCAAAAGGGAGCACTTTCTGTTTGAAAGAAAACAAAGTGCCTCCTTTTAGAGTGTTACTGTTTGAGA,FALSE
GTGGAGCTGGACCAGGAGAGGAGTAACCAAGACTCACTCCCTCCTGCCCACCCCCCAG,TRUE
AGGGAAAAAAAAAAGGATTTGTCTTGTAGCCAGGATATTGTTTTAAAGAAAATCCTTTTTGTTTTTCCAG,FALSE
GATGAAGGGAATCACTCATGATAATAACATTTCATGAATGACTTTTCCTTCAG,TRUE
TTGGGGGAATGCTGGACATGAGTTGCGCTAGGGTTCCCGGCTCACCCCAGCCTGCCTCCACAG,TRUE
AGTGAGCAACCCAGTGGGCTATGGAAATGTGTGGAAGATGGCATTTCTATTTCTCAGTGGGGCTCTTACC,FALSE
TGCTGAGGTCCGGGCTGTGCCCCGTACCGGACAGGGCCCTGGCTTTAGCAGA,FALSE
GCCGGGTGGGGCGGGGCGGCCTCAGGAGGGGCCCAGCTCCCCTGGATGTGCTGCGGTGGGGCCGGAGGGGCGTCACGTGCACCCAAGTGACGCCCCTTCTGATTCTGCCTCAG,TRUE
TGTGGGCAGGGCCCTGGGGAGCTGAGGCTCTGGGGGTGGCCGGGGCTGACCCTGGGCCTCTGCTCCCCAGTGTCTGACCGCG,TRUE
GTGTGGAGGGAATGGGGGCTATGTGTGAGGGAGCAGGGCTGGGGTCCCGGGACTAAGCTCCCCCTTTTCTCCCAG,TRUE
GTGAGCAGGGCTGGGGTACCTCCCCCAACCTAGGACACCCCACTTGCCCTGCTGACC,TRUE
CCTGGCACTGAGAACTGAATTCCATAGGCTGTGAGCTCTAGCAATGCCCTGTGGACTCAGTTCTGGTGCCCGG,FALSE
CCCGGGCTGAGGTAGGAGGTTGTATAGTTGAGGAGGACACCCAAGGAGATCACTATACGGCCTCCTAGCTTTCCCCAGG,FALSE
CCCGGGACCTTGGTCCAGGCGCTGGTCTGCGTGGTGCTCGGGTGGATAAGTCTGATCTGAGCACCACACAGGCCGGGCGCCGGGACCAAGGGGGCTC,FALSE
TATTGGACGAGGGGACTGGTTAATAGAACTAACTAACCAGAACTATTTTGTTCTGTTAACCCATCCCCTCATCTAATA,FALSE
AGTTGGTGGGGGAGCCATGAGATAAGAGCACCTCCTAGAGAATGTTGAACTAAAGGTGCCCTCTCTGGCTCCTCCCCAAAG,TRUE
GCAGAAGAAAGATCTGGAAGTGGGAGACACTTTTACTATATATAGTGGCTCCCACTTCCAGATCTTTCTCTCTGT,FALSE
TGGGGAAATGAAGTGAGAACAACTGAAATAGGAGAATAGATCAGTTATTCTGCTTCTAATTTCACAG,TRUE
CGAGGATGGGAGCTGAGGGCTGGGTCTTTGCGGGCGAGATGAGGGTGTCGGATCAACTGGCCTACAAAGTCCCAGTTCTCGGCCCCCG,FALSE
CCAGGCACACAGGAAAAGCGGGGCCCTGGGTTCGGCTGCTACCCCAAAGGCCACATTCTCCTGTGCACACAG,TRUE
GATACTCGAAGGAGAGGTTGTCCGTGTTGTCTTCTCTTTATTTATGATGAAACATACACGGGAAACCTCTTTTTTAGTATC,FALSE
CCCAGCCTGGCACATTAGTAGGCCTCAGTAAATGTTTATTAGATGAATAAATGAATGACTCATCAGCAAACATTTATTGTGTGCCTGCTAAAGTGAGCTCCACAGG,FALSE
CTCCCTGGGAGGGCGTGGATGATGGTGGGAGAGGAGCCCCACTGTGGAAGTCTGACCCCCACATCGCCCCACCTTCCCCAG,TRUE
GGCTGTGCCGGGTAGAGAGGGCAGTGGGAGGTAAGAGCTCTTCACCCTTCACCACCTTCTCCACCCAGCATGGCC,FALSE
TAGGTGGGGCATGTCAGGAGGAGCTGGCGGGTGCCACAGCCTCCCTGCCTATCCCTGCCCAG,TRUE
CATTGGCATCTATTAGGTTGGTGCAAAAGTAATTGCGGTTTTTGCCATTACTTTCAGTAGCAAAAATCTCAATTACTTTTGCACCAACTTAATACTT,FALSE
TATCCTGAGAAGGCACAGCTTGCACGTGACCTCCTGGGCCTGGCGGCTGTGTCTTCACAG,FALSE
GAGCTGCTTGCCTCCCCCCGTTTTTGGCAATGGTAGAACTCACACTGGTGAGGTAACAGGATCCGGTGGTTCTAGACTTGCCAACTATGGGGCGAGGACTCAGCCGGCAC,FALSE
TAGAATATTTCGGCATTCTAGATGAGAGATATATATATACCTCATATGTATATGGTATACCTCATCTAGAATGCTGTAATATTCTA,FALSE
GCCACATGGAGCTGGAACCAGATCAGGCTTTAATGTTTGAAGTAATGTCAGTTCTGCTGTTCTGACTCTAG,TRUE
AAGATAGGCTGGGCTGTGTTTCTTGGTTTGGGAAGATTCCAGTCCCCTAGAAATTGGTCCAATCTACCTCAG,TRUE
CCTCTCAGGGAAGCTTTTTGCTCGAATTATGTTTCTGATCCGAATATAAGACGAACAAAAGGTTTGTCTGAGGGCAG,FALSE
GGGTGAGGTAGTAGGTTGTATAGTTTGGGGCTCTGCCCTGCTATGGGATAACTATACAATCTACTGTCTTTCCT,FALSE
GCTTGATGATGCTGCTGATGCTGGCGGTGATCCCGATGGTGTGAGCTGGAAATGGGGTGCTACGTCATCGTTGTCATCGTCATCATCATCATCCGAG,FALSE
TGCCCTTCGCGAATCTTTTTGCGGTCTGGGCTTGCTGTACATAACTCAATAGCCGGAAGCCCTTACCCCAAAAAGCATTTGCGGAGGGCG,FALSE
TCTCAAGCTGTGAGTCTACAAAGGGAAGCCCTTTCTGTTGTCTAAAAGAAAAGAAAGTGCTTCTCTTTGGTGGGTTACGGTTTGAGA,FALSE
TAAGTTATATATGTCTACTTCTACCTGTGTTATCATAATAAAGGTGTCATGATGATACAGGTGGAGGTAGAAATATATAACTTA,FALSE
GGTCTGGCTGTTGTGGTGTGCAAAACTCCGTACATTGCTATTTTGCCACACTGCAACACCTTACAG,TRUE
ATGAGAGGGAGAAAGCTAGAAGCTGAAGATTCTGAAAATCACTAACTGGCCTCTTCTTTCTCCTAG,TRUE
AGAGACTTGTTGGAGATGTGCCTGAGGGAGTAAGACACTATCTTACAACAACAGGGCTCTTACTCCCTCAGGCACTGCACCAGCCAGCAAAGCATCA,FALSE
GACAGTGCAGTCACCCATAAAGTAGAAAGCACTACTAACAGCACTGGAGGGTGTAGTGTTTCCTACTTTATGGATGAGTGTACTGTG,FALSE
CGGCTGGACAGCGGGCAACGGAATCCCAAAAGCAGCTGTTGTCTCCAGAGCATTCCAGCTGCGCTTGGATTTCGTCCCCTGCTCTCCTGCCT,FALSE
TTGAAGGGAGATCGACCGTGTTATATTCGCTTTATTGACTTCGAATAATACATGGTTGATCTTTTCTCAG,FALSE
AGAGACTCGCTGGAGATGTGCCTGAGGGAGTAAGACACTATCTGACAACAACAGGGCTCTTACTCCCTCAGGCACTGCACCAGCCAGCAAAGCATCA,FALSE
GGTCCTTGCCCTCAAGGAGCTCACAGTCTATTGAGTTACCTTTCTGACTTTCCCACTAGATTGTGAGCTCCTGGAGGGCAGGCACT,FALSE
CCCTGGCATGGTGTGGTGGGGCAGCTGGTGTTGTGAATCAGGCCGTTGCCAATCAGAGAACGGCTACTTCACAACACCAGGGCCACACCACACTACAGG,FALSE
CAGACTATATATTTAGGTTGGCGCAAAAGTAATTGTGGTTTTGGCCTTTATTTTCAATGGCAAGAACCTCAGTTGCTTTTGTGCCAACCTAATACTT,FALSE
GTAAGCAGGGGCTCTGGGTGATGTGAGGAGCAACAGGCACCCTCCTCCACAGCCCCTGCTCATTCCT,TRUE
ATGTGGTAGATATATGCACGATATAGGTATGTATGTATGTATGTATAAAAGCAGGGCAGTATATATATCGTGCATATATCTACCACAT,FALSE
ACTGCTAATATCTAAATGCAGCATGCCAGTCCTGAGATGCAGGGACTGGCATGCTGCATTTATATATTAGCAGT,FALSE
GGGAAAGCGTGGGATGTCCATGAAGTCAGGTGATGGTGATAAGGTCAAGGCCTGTTCATTGGAACCCTGCGCAG,TRUE
ATGACTGATTTCTTTTGGTGTTCAGAGTCAATATAATTTTCTAGCACCATCTGAAATCGGTTAT,FALSE
TTCCAGCCCGAGGCCTCTGTGACGTCACGGTGTCTGCGGGAGGAGACCATGACGTCACAGAGGCTTCGCGCTCTGAG,FALSE
GCAGTCCTCTGTTAGTTTTGCATAGTTGCACTACAAGAAGAATGTAGTTGTGCAAATCTATGCAAAACTGATGGTGGCCTGC,FALSE
TGATATGGAAGAAATCCAGAAGTGGCTAATAATATTGACACTATAACAATAATGTCAATATTATTAGCCACTTCTGGATTTATGAATCA,FALSE
ACAGGGGTGGGCACTGGGTCCAGCTGTCAAGGGCGCTCTGGTCACTACTGTCTCCACCCCACAG,TRUE
TACATCGGCCATTATAATACAACCTGATAAGTGTTATAGCACTTATCAGATTGTATTGTAATTGTCTGTGTA,FALSE
AACACAGGGAAGGGGGAACTGCAGGGTTACAGCTTCCTTTTCCCTTCTCTGTGCAG,TRUE
ATATCTACACAAGGCCAAAGGAAGAGAACAGATATATCCACAGTACACTTGGCTGTTCTCTTTCTTTAGCCTTGTGTAGATAT,FALSE
GGCTGTGGCTGGATTCAAGTAATCCAGGATAGGCTGTTTCCATCTGTGAGGCCTATTCTTGATTACTTGTTTCTGGAGGCAGCT,FALSE
GCAGACTGGAAAATCTCTGCAGGCAAATGTGATGTCACTGAGGAAATCACACACTTACCCGTAGAGATTCTACAGTCTGACA,FALSE
TACCGACCCTCGATTTGGTTCAGGACCTTCCCTGAACCAAGGAAGAGTCACAGTCTCTTCCTTGGTTCAGGGAGGGTCCCCAACAATGTCCTCATGG,FALSE
GAAAGTAATTGCTGTTTTTGCCATTACTTTCAGTGGCAAAAACTGCAATTACTTTTGC,FALSE
GGCAGCCAGGGGGATGGGCGAGCTTGGGCCCATTCCTTTCCTTACCCTACCCCCCATCCCCCTGTAG,TRUE
ATCACTTAAATACATGTCAGATTGTATGCCTACAAAATCCCTCCAGACTGGCATACAATCTGACATGTATTTAAGAGAT,FALSE
GGATCTTTTTGCGGTCTGGGCTTGCTGTTCCTCTCAACAGTAGTCAGGAAGCCCTTACCCCAAAAAGTATCT,FALSE
TGGTGCAAAAGTAATTGCGGTTTTTGCCATTAAAAGTAATGCGGCCAAAACTGCAGTTACTTTTGCACCC,FALSE
CTGGGTGCGGGCCCTCAGGCCGTGGGAGGCAGTGACGGCAGGGCCTTGGGTCTGTGCCCACAG,TRUE
CCTGGGTCAGGGTCCATCAGGAGGAGGGTGCTGGCAGGGCTGGCCTTGCCCTGAGCTCTGCTCCGCCCACAG,TRUE
TCCCTGCCCTGCCTGTTTTCTCCTTTGTGATTTTATGAGAACAAAGGAGGAAATAGGCAGGCCAGGGA,FALSE
TCCCTGGCGTGAGGGTATGTGCCTTTGGACTACATCGTGGAAGCCAGCACCATGCAGTCCATGGGCATATACACTTGCCTCAAGGCCTATGTCATC,FALSE
AGGGTGGTGCAAAAGTGATCGTGGTTTTTGCAATTTTTTAATGACAAAAACCACAATTACTTTTGCACCAACCT,FALSE
GGTCGCATTTCTCCTTCTTACCAGCGCGTTTTCAGTTTCATAGGGAAGCCTTTCCATGAAACTGGAGCGCCTGGAGGAGAAGGGGCC,FALSE
GGTTCCGGAGCCCCGGCGCGGGCGGGTTCTGGGGTGTAGACGCTGCTGGCCAGCCCGCCCCAGCCGAGGTTCTCGGCACC,FALSE
ATGGAGGGGGGTGTGGAGCCAGGGGGCCCAGGTCTACAGCTTCTCCCCGCTCCCTGCCCCCATACTCCCAG,TRUE
ACCCTAGGGTGGGGCTGGAGGTGGGGCTGAGGCTGAGTCTTCCTCCCCTTCCTCCCTGCCCAG,TRUE
AAATGGTTATGTCCTTTGCCTATTCTATTTAAGACACCCTGTACCTTAAATAGAGTAGGCAAAGGACAGAAACATTT,FALSE
CCGCACTCTCTCCATTACACTACCCTGCCTCTTCTCCATGAGAGGCAGCGGGGTGTAGTGGATAGAGCACGGGT,FALSE
CCAGGGGGACAGGGAGAGGATGTGTGATCTTGAGCCTCACTGTCCATGTCCCCCCGACACAG,TRUE
ATTCAGGCCGGTCCTGCAGAGAGGAAGCCCTTCTGCTTACAGGTATTGGAAGGGCTTCCTCTCTGCAGGACCGGCCTGAAT,FALSE
GGGGTCACCTCTCTGGCCGTCTACCTTCCACACTGACAAGGGCCGTGGGGACGTAGCTGGCCAGACAGGTGACCCC,FALSE
TACAGGCCGGGGCTTTGGGTGAGGGACCCCCGGAGTCTGTCACGGTCTCACCCCAACTCTGCCCCAG,TRUE
GCGAGAAGATCTCATGCTGTGACTCTCTGGAGGGAAGCACTTTCTGTTGTCTGAAAGAAAACAAAGCGCTTCTCTTTAGAGTGTTACGGTTTGAGAAAAGC,FALSE
GTCAGCAGTGCCTTAGCAGCACGTAAATATTGGCGTTAAGATTCTAAAATTATCTCCAGTATTAACTGTGCTGCTGAAGTAAGGTTGAC,FALSE
GTGTCTCTCTGGAGACCCTGCAGCCTTCCCACCCACCAGGGAGCTTTCCATGGGCTGTGGGGAAGGCGTCAGTGTCGGGTGAGGGAACAC,FALSE
GAACATTGAAACTGGCTAGGGAAAATGATTGGATAGAAACTATTATTCTATTCATTTATCCCCAGCCTACAAAATGAAAAAA,FALSE
AGAAGATGCTTACTACTAGGTTGGTGCAAAAGTAATTGTGGTTTTTGCATTTAAAGTAATGGCCAAAACCGCGATTACTCTTGCACGAACCTAACGGTAACACTTCT,FALSE
TATTGGGAATTGTGGGTAGCGGTGCAGTAACTAGACCTGCCTTTCCCATAG,TRUE
TGTCCCCCCCGGCCCAGGTTCTGTGATACACTCCGACTCGGGCTCTGGAGCAGTCAGTGCATGACAGAACTTGGGCCCGGAAGGACC,FALSE
TGTTCTAAGGTGCATCTAGTGCAGATAGTGAAGTAGATTAGCATCTACTGCCCTAAGTGCTCCTTCTGGCA,FALSE
CAGGGAAGCAGCAGTGGCAAGACTCCTAGGTCACGGAAGTCCTGCTTCTGTTGCAG,TRUE
GGAAGCGAGTTGTTATCTTTGGTTATCTAGCTGTATGAGTGTATTGGTCTTCATAAAGCTAGATAACCGAAAGTAAAAACTCCTTCA,FALSE
GGCTGCCAGGGAGGCTGGTTTGGAGGAGTCTGGTGGCCTGTTCTCTTCACCTGCCTCTGCCTGCAG,TRUE
TGTTGTCGGGTGGATCACGATGCAATTTTGATGAGTATCATAGGAGAAAAATTGCACGGTATCCATCTGTAAACC,FALSE
GGGGCTGGGGGTGTGGGGAGAGAGAGTGCACAGCCAGCTCAGGGATTAAAGCTCTTTCTCTCTCTCTCTCTCCCACTTCCCTGCAG,TRUE
CTGATACCCCAAATCTTGATCAGAAGCCTTGATCAGAAGCTAGGAAGGCTTCTGATCAAGATTTGTGGTGTCAAG,FALSE
AGAGAGGAATGAACAGTTAAATTATAACATGTCCATATTATGGGTTAGTTGTGGACACATACTAACGCATAATATGGACATGTTATAATTTAACTGTTCCTTTCT,FALSE
ACAATGCTTTGCTAGAGCTGGTAAAATGGAACCAAATCGCCTCTTCAATGGATTTGGTCCCCTTCAACCAGCTGTAGCTATGCATTGA,FALSE
GCAGTCTGGCTGTGCTGTAATGCAGTCTGCACCCTGCTGCATTACAGCACAGCCATTCTCT,FALSE
CTGGGAGGAATGGAAGCGAACAGGAGAAAGCCACACTGAGCCTTTATCTCCATTTCTTCCCAG,TRUE
AGTTATTAGATTAGTGCAAAAGTAATTGCAGTTTTTGCATTACGTTCTATGGCAAAACTGTAATTACTTTTGTACCAACATAATACTTC,FALSE
TACCCGGAGGCTGGATGATGCTTGGGGGAAAGTGTGAACAACTCAGCTAAGCTCCCTGCCTCCTGTAG,TRUE
AAGATGGTTGACCATAGAACATGCGCTATCTCTGTGTCGTATGTAATATGGTCCACATCTT,FALSE
TTCCTGCAGATTGTTTCTTTTGCCGTGCAAGTTTAAGTTTTTGCACGGCAAAAGAAACAATCCAGAGGGT,FALSE
CCTCCATGCTCCTAGTCCCTTCCTTGAAGCGGTCGGATAATCACATGACGAGCCTCAAGCAAGGGACTTCAAGCTGGTGG,FALSE
GGCCCGCCTTTTAGGGGCCTCGCTGTCTGGGCACAGGCGGATGGACAGGCTGGCCTCTGGATGACCTGCCAACCGTCAGAGCCCAGACCCACGTGGCCTCAGTTGGGGACCAGG,FALSE
TTGGATGTTGGCCTAGTTCTGTGTGGAAGACTAGTGATTTTGTTGTTTTTAGATAACTAAATCGACAACAAATCACAGTCTGCCATATGGCACAGGCCATGCCTCTACAG,FALSE
GGGACCTGCGTGGGTGCGGGCGTGTGAGTGTGTGTGTGTGAGTGTGTGTCGCTCCGGGTCCACGCTCATGCACACACCCACACGCCCACACTCAGG,FALSE
TATCCAGCTTGTTACTATATGCTTTTTAAATGGGGCACAGAGTGACAAGCTGGTTAAAG,FALSE
GTGGCCTCGTTCAAGTAATCCAGGATAGGCTGTGCAGGTCCCAATGGGCCTATTCTTGGTTACTTGCACGGGGACGC,FALSE
GGAGGGAAGAATAGGAGGGACTTTGTATTGTGGTTCAGTACCATGCAAAGTCCTTCCTATTTTTCCCTCC,FALSE
CTTATCCTAGACACTAGGCATGTGAGTGATTGTCTTCCTCACTCAATCAGTCACATATCTAGTGTCTAGAATGAG,FALSE
AACTGCGGGGCCAGAGCAGAGAGCCCTTGCACACCACCAGCCTCTCCTCCCTGTGCCCCAG,TRUE
GGCAGTGGCCAGAGCCCTGCAGTGCTGGGCATGGGCTTCTCGTGGGCTCTGGCCACGGCC,FALSE
TGCTGGCTCATTTCATATGTGTGCTGAGAAAATTCACACATATGAAGTGAGCCAGCAC,FALSE
CCACCTTCAGCTGAGTGTAGTGCCCTACTCCAGAGGGCGTCACTCATGTAAACTAAAACATGATTGTAGCCTTTTGGAGTAGAGTAATACACATCACGTAACGCATATTTGGTGG,FALSE
AAAAGTTATTGCGGTTTTGGCTGCCAAAAGAAATGGCCAAAACCGCAGTAACTTTTGT,FALSE
TGGCCTAGGGGGCGGCTTGTGGAGTGTATGGGCTGAGCCTTGCTCTGCTCCCCCGCCCCCAG,TRUE
CAGGGAGAGAACGGCCACACTCACTAATCGTTGATTCCCTTTCCCTCCCTCACAG,TRUE
GCTGAAGCTCTAAGGTTCCGCCTGCGGGCAGGAAGCGGAGGAACCTTGGAGCTTCGGC,FALSE
TGCTTGTAACTTTCCAAAGAATTCTCCTTTTGGGCTTTCTGGTTTTATTTTAAGCCCAAAGGTGAATTTTTTGGGAAGTTTGAGCT,FALSE
CAGAGCAGGGCAGGGAAGGTGGGAGAGGGGCCCAGCTGACCCTCCTGTCACCCGCTCCTTGCCCAG,TRUE
GCCGGCGCCCGAGCTCTGGCTCCGTGTCTTCACTCCCGTGCTTGTCCGAGGAGGGAGGGAGGGACGGGGGCTGTGCTGGGGCAGCTGGA,FALSE
GCTTGTTGGGGATTGGGTCAGGCCAGTGTTCAAGGGCCCCTCCTCTAGTACTCCCTGTTTGTGTTCTGCCACTGACTGAGCTTCTCCCCACAG,TRUE
GGGGGCGGGAGCTGGGGTCTGCAGGTTCGCACTGATGCCTGCTCGCCCTGTCTCCCGCTAG,TRUE
GCGGGCTTCGCGGGCGAAGGCAAAGTCGATTTCCAAAAGTGACTTTCCTCACTCCCGTGAAGTCGGC,FALSE
AAGGGAGATGGGTGTGGGGAAGGGCCCAGAGTCTGACCTGGCCCCTTGCCCACCCCCTTCTGCCCAG,TRUE
GCTTTGGGATTGACGCCACATGTCTCAGGTCCCCAGCTGAGTCAAGTGTCATCTGTCCCTAGGC,TRUE
GTGAGTATGAGGCGGGCTGTCCCTGGCTCTCCCCAGGCTGCCCTGCGGCCGGCCCTGACCCCCTGTCTTGCAG,TRUE
AGGGTAGAGGGATGAGGGGGAAAGTTCTATAGTCCTGTAATTAGATCTCAGGACTATAGAACTTTCCCCCTCATCCCTCTGCCCT,FALSE
TATTGTTGTGGGTGGGCAGAAGTCTGTTTTCTTCATGGTTTTCTGACCTTTGCCTCTCCCCTCAG,TRUE
TGGGGAGGACAGCCATGACAGGAAGTGGAACTCACCCGCTTCGCTGCCCTTCCCAG,TRUE
ACAGGTGGGAGAGCAGGGTATTGTGGAAGCTCCAGGTGCCAACCACCTGCCTCTATTCCCCACTCTCCCCAG,TRUE
CACTCTGCTGTGGCCTATGGCTTTTCATTCCTATGTGATTGCTGTCCCAAACTCATGTAGGGCTAAAAGCCATGGGCTACAGTGAGGGGCGAGCTCC,FALSE
AAACTAATATACCCATATTCTGGCTAGGTGATCATCAGAATATGGGTATATTAGTTTGG,FALSE
CCAGGACTGGCAGAACACTGAAGCAGCAGGCACCTGCTTCCTTCTGTTGTCTGTGCAG,TRUE
GTCTCCTGGGGGGAGGAGACCCTGCTCTCCCTGGCAGCAAGCCTCTCCTGCCCTTCCAGATTAGC,TRUE
GTACTTGGGCAGTAGTGTAGAGATTGGTTTGCCTGTTAATGAATTCAAACTAATCTCTACACTGCTGCCCAAGAGC,FALSE
ATGTGGTAGATATATGCACGATATATATACTGCCCTGCTTTTATACATACATACATACATACCTATATCGTGCATATATCTACCACAT,FALSE
GATCTGTCTGTCTTCTGTATATACCCTGTAGATCCGAATTTGTGTAAGGAATTTTGTGGTCACAAATTCGTATCTAGGGGAATATGTAGTTGACATAAACACTCCGCTCT,FALSE
AGGCCTGGGTGTAGGCTGGAGCTGAGGACTGAGGCTCACCTTGCTCCTGACTCTGTGCCCACAG,TRUE
CAGTGCAGGGAGAAGGTGGAAGTGCAGAGTGGGCTCACCTCTCGCCCACACTGTCCCCTTCTCCCCAG,TRUE
GTAAGTCTGGGGAGATGGGGGGAGCTCTGCTGAGGGTGCACAAGGCCCTGGCTCTACACACATCCCTGTCTTACAG,TRUE
CTCCCCATGGCCCTGTCTCCCAACCCTTGTACCAGTGCTGGGCTCAGACCCTGGTACAGGCCTGGGGGACAGGGACCTGGGGAC,FALSE
AGGGGGTCGGGCCGGACGGGGCCTGACGGTCTCCTCTCCGTCTCCATCCCCAG,TRUE
GTCCCCATTTTTCTCCCACTACCAGGCTCCCATAAGGGTCGAATGGGATCCAGACAGTGGGAGAAAAATGGGGAC,FALSE
GCGCAGCGCCCTGTCTCCCAGCCTGAGGTGCAGTGCTGCATCTCTGGTCAGTTGGGAGTCTGAGATGAAGCACTGTAGCTCAGGAAGAGAGAAGTTGTTCTGCAGC,FALSE
CCTCTTGAGGTACCTGAATTACCAAAAGCTTTATGTATTCTGAAGTTATTGAAAATAAGAGCTTTTGGGAATTCAGGTAGTTCAGGAGTG,FALSE
TGCCGTCGGCCTGGGGAGGAGGAAGGGCAAGTCCAAAGGTATACAGTTGGTCTGTTCATTCTCTCTTTTTGGCCTACAAG,FALSE
AGTGATATAATAGAGGGTGCACAGGCATGGGAGGTCAGGTGAGCTCAGCTCCCTGCCTCACCTGAGCTCCCGTGCCTGTGCACCCTCTATTGGCT,FALSE
GTGGGGAGGGCGGTTTCAGCATGACTAGAATTCTGAACCCTGCATCGTCCCCCAG,TRUE
GGCCGGCTGGGGTTCCTGGGGATGGGATTTGCTTCCTGTCACAAATCACATTGCCAGGGATTTCCAACCGACC,FALSE
AACTGCCCTCAAGGAGCTTACAATCTAGCTGGGGGTAAATGACTTGCACATGAACACAACTAGACTGTGAGCTTCTAGAGGGCAGGGA,FALSE
GATCCATCTCTGCCTGTATTGGCTTGGATTCTGCAAAGCCTACAGGCTGGAATGGGCTCA,FALSE
TGTAGTCTGGATTGAAGAGACGACCCAAGCAGGCTTTGTGTGAGCAGTGAGGCTATTTATTCACTTGGGTGCGAGCTCACACGAAGCCTGCTTGGGTTTTCTCTTCAATCCAG,TRUE
TGGAGTGGGGGGGCAGGAGGGGCTCAGGGAGAAAGTGCATACAGCCCCTGGCCCTCTCTGCCCTTCCGTCCCCTG,FALSE
ATAGCTGTTGTGTCACTTCCTCATGCTGACATATTTACTAGAGGGTAAAATTAATAACCTTCTAGTAAGAGTGGCAGTCGAAGGGAAGGGCTCAT,FALSE
GTGGGACCAGGGCCAGCAGGGAATGTCAGGGCCACCCCTGACCTTCACTGTGACTCTGCTGCAG,TRUE
GGTGGGTGGTTTCTCCGTTTGCCTGTTTCGCTGATGTGCATTCAACTCATTCTCAGCAAAATAAGCAAATGGAAAATTCGTCCATC,FALSE
GAATCCGGTCCGTACAAACTCTGCTGTGTTGAATGATTGGTGAGTTTGTTTGCTCATTGATTGAATCACTGCAGAGTTTGTACGGACCGGATTC,FALSE
CTCCTCAGATCAGAAGGTGATTGTGGCTTTGGGTGGATATTAATCAGCCACAGCACTGCCTGGTCAGAAAGAG,FALSE
GATGCTTTGCTGGCTGGTGCAGTGCCTGAGGGAGTAAGAGTCCTGTTGTTGTAAGATAGTGTCTTACTCCCTCAGGCACATCTCCAACAAGTCTC,FALSE
GCATTGGAATAGGGGATATCTCAGCATGTTGAGCCCTGTCTCTGGGGAGCTGACTTCTACCTCTTCCAAAG,TRUE
TGCATGGGACAGGAGAGCTTGTTGCAGAGATGTGATGCTAGGCTGAGGTGTCTTATCCCATGCAG,TRUE
TGGGCTGTGGCAGCAGGTGGAGGCAGACAGTCACCCTGAACCCCTGTCTCTCCCTTCTGCCCACCCTCAG,TRUE
AATGGTCCCCCCAGGGAGGTCTGCATTCAAATCCCCAGAAGCTGAGGATTAGGGGACTAGGATGCAGACCTCCCTGGGGGACCATT,FALSE
ATACTTGAGGAGAAATTATCCTTGGTGTGTTCGCTTTATTTATGATGAATCATACAAGGACAATTTCTTTTTGAGTAT,FALSE
AAAAGTAATTGCGGTTTTTGCTATTGGTTTTAATGGCAGTTACTTTTGCACCAG,FALSE
ACGAATGGCTATGCACTGCACAACCCTAGGAGAGGGTGCCATTCACATAGACTATAATTGAATGGCGCCACTAGGGTTGTGCAGTGCACAACCTACAC,FALSE
GCGTTGGCTGGCAGAGGAAGGGAAGGGTCCAGGGTCAGCTGAGCATGCCCTCAGGTTGCTCACTGTTCTTCCCTAGAATGTCAGGTGATGT,FALSE
GGGGAATGAAAGTTGGCTGCAGTTAAGGTGGCTAATCAGCTGATGGTGCCACCTTAACTGCAGCCAATTCTAATTCCCC,FALSE
ACCTGCCCTGGGCTTTCTAGTCTCAGCTCTCCTGACCAGCTGAGCTGGAGGAGAGCTGAGACTAGAAAGCCCAGGGCAGGT,FALSE
ATTAGGAGAGTATCTTCTCTGTTTTGGCCATGTGTGTACTCACAGCCCCTCACACATGGCCGAAACAGAGAAGTTACTTTCCTAAT,FALSE
GGGAAGCAGGCCAACCTCGACGATCTCCTCAGCACCTGAACGCCAAGGCTGGGGAGATCCTCGAGGTTGGCCTGCTTTCC,FALSE
GCCGCAGGTGCTCTGACGAGGTTGCACTACTGTGCTCTGAGAAGCAGTGCAATGATATTGTCAAAGCATCTGGGACCA,FALSE
GAGGGTGGTGGAGGAAGAGGGCAGCTCCCATGACTGCCTGACCGCCTTCTCTCCTCCCCCAG,TRUE
TGCACTGGGGTAAGGATAGGAGGGTCAGGTCTGCAGCCTTGTATCTGCTGATCCTCTTTCGTCCTTCCCACTCCAG,TRUE
GTAAGTGCGGACTTTGGGGGGACGGGGTCCTGGAGAGGTCCCCGCCCGCTCAGCTCTGCGCCCT,TRUE
TCACGTGGATGACAGTGGAGGCCTCCTGGATCTCTAGGTCTCAGGGCCTCTCTTGTCATCCTGCAG,TRUE
TGGGCTAAGGGAGATGATTGGGTAGAAAGTATTATTCTATTCATTTGCCTCCCAGCCTACA,FALSE
GGCAGGAGGGCTGTGCCAGGTTGGCTGGGCCAGGCCTGACCTGCCAGCACCTCCCTGCAG,TRUE
GGATGATAAGTTATGGGGCTTCTGTAGAGATTTCTATGAGAACATCTCTAAGGAACTCCCCCAAACTGAATTC,FALSE
CTCCAGGGAGACAGTGTGTGAGGCCTCTTGCCATGGCCTCCCTGCCCGCCTCTCTGCAG,TRUE
GTGTCTGTGCCGGTCCCAGGAGAACCTGCAGAGGCATCGGGTCAGCGGTGCTCCTGCGGGCCGACACTCAC,FALSE
ACTTCCAGTAGTGGATGATGCACTCTGTGCAGGGCCAACTGTGCACACAGTGCTTCATCCACTACTGGAAGT,FALSE
TTGGTAAAGTTGGTTTAAAGTGATGACATGTATCTTCCTTGACCATCCTTATCAG,TRUE
TGAGAAGGCACAGCTTGCACGTGACCTCCTGGGCCTGGCGGCTGTGTCTTCACAG,TRUE
TGTGGGAGAGGAACATGGGCTCAGGACAGCGGGTGTCAGCTTGCCTGACCCCCATGTCGCCTCTGTAG,FALSE
GGCTCCGCAGGGCCCTGGCGCAGGCATCCAGACAGCGGGCGAATGCCTCCCCCGGCCCCGCAG,TRUE
TTCTGTAGAGATTATCAGGCCTCTTTCTACCTTCCAAGGCTCAGAAGGTAGAATGAGGCCTGACATATCTGCAGGA,FALSE
TGAGGGTGGGCTGAGTGGGCAGCTGCAGCCCTGCTCCCTCCTCCCTCCCACCAG,TRUE
GTTGGGGTGTCGTGGTCACGCTGGGAACTCGTGGCCACTGGTACCCCCCACAG,TRUE
TTTGGAAGGGAGGAGGCAGAGACTCTGCCCCTGACCTCTGCTCCTTGTTTCCTTCCAG,TRUE
TGAAGTACCAGCTACTCGAGAGGTCAGAGGATTGCTCCTGAATAGCTGGGACTACAGGT,FALSE
ATCTGAGTTGGGAGGGTCCCTCTCCAAATGTGTCTTGGGGTGGGGGATCAAGACACATTTGGAGAGGGAACCTCCCAACTCGGCCTCTGCCATCATT,FALSE
TTTATATGTAGGCCTTTAGATCACTTAAAGAGTATTCAACATCAGATGATCTAAAGGCCTATACATAAA,FALSE
GGGGACCGGGGCGGGGACACATGGTCCTCTAACATGACCATACACTCATCTCTGCTCCCCACAG,TRUE
ACAGGTAGTGTCCCTCAGGGCTGTAGAACAGGGCTGGGATTACTAAAGCCCTGTTCTATGCCCTGAGGGACACTGAGCATGTCA,FALSE
ATTTGCTGGGGCTGAGTCGGGGGCGCGCGGGCCCTGACCTCTGCCCTCTGACCTCTCCCCTAGCAG,TRUE
CTGTCCCGCTGGCCTGGCAGGTGACGGTGCTGGATGTGGCCTTTTTGCCTTTTCTAAAGGCCACATTTTCCAGCCCATTCAACCTTCCAGAGCCCTCTGAAGTGGCCACAGGC,FALSE
CTTTCTACACAGGTTGGGATCGGTTGCAATGCTGTGTTTCTGTATGGTATTGCACTTGTCCCGGCCTGTTGAGTTTGG,FALSE
GGGCATGGGGAGGTGTGGAGTCAGCATGGGGCTAGGAGGCCCCGCGCTGACCCGCCTTCTCCGCAG,TRUE
TCACCTGGCCATGTGACTTGTGGGCTTCCCTTTGTCATCCTTCGCCTAGGGCTCTGAGCAGGGCAGGGACAGCAAAGGGGTGCTCAGTTGTCACTTCCCACAGCACGGAG,FALSE
TGGTGAGGGAGACCAGCTGGCCCACTGGGTCCTGACCCTCTGCTCTCTCCCACCCGCAG,TRUE
TCCCATGCTGTGACCCTCTAGAGGAAGCACTTTCTGTTTGTTGTCTGAGAAAAAACAAAGTGCTTCCCTTTAGAGTGTTACCGTTTGGGA,FALSE
CTATTTTGTGTGAGTACAGAGAGCATCTGAATGGGTACAGTTGTTGTCTCTTGTTCCTCACACAG,TRUE
TCACATGTCCAATTCTGTAAAGGAAGAAGAGGTAAGAAGAAGTGAAGCCCTCTTCTTCCTTTGCAGAGTTGAATATGTGG,FALSE
CTGCCCTCTTCAACAAAATCACTGATGCTGGAGTCGCCTGAGTCATCACTCAGCACCAGGATATTGTTGGAGAGGACAG,FALSE
AACTACACTTTAAGGGGACCAAAGAGATATATAGATATCAGCTACCTATATACCTGTTCGGTCTCTTTAAAGTGTAGTT,FALSE
GCTGGGATGTGTCAGGTAGGCAGTGTATTGCTAGCGGCTGTTAATGATTTTAACAGTTGCTAGTTGCACTCCTCTCTGTTGCATTCAGAAGC,FALSE
CTTGTCATGTCTTACCCAGTCTCCGGTGCAGCCTTGACAACAGGCTGCACCGGAGACTGGGTAAGACATGACAAG,FALSE
CTGTAAACTTGAAGGTAGGGAACTCTGTCTTCACTCATGAGTACCTTCCAACACGAGCTCTCAGGAGTAAAGACAGAGTTCCCTACCTTCAATGTGGAT,FALSE
GTGCTCGGTTTGTAGGCAGTGTCATTAGCTGATTGTACTGTGGTGGTTACAATCACTAACTCCACTGCCATCAAAACAAGGCAC,FALSE
GTGTTTAGGGTACTCAGAGCAAGTTGTGAAACACAGGTGTTTTTTAACCTCACCTTGCATCTGCATCCCCAG,TRUE
GACCCACAGAGGACAGTGGAGTGTGAGCTGGAAGGAGTGGGCCTGGCTCATGTGTCTGTCCTCTTCCAG,TRUE
CACTGGGGATGCTGCAGAGACCAGACAGACTCATGGGGTCATGGACTTCTGCTTCTTCTCCAG,TRUE
TGCCCTAGCAGCGGGAACAGTTCTGCAGTGAGCGATCGGTGCTCTGGGGTATTGTTTCCGCTGCCAGGGTA,FALSE
AAACACTTGAGCCCAGCGGTTTGAGGCTACAGTGAGATGTGATCCTGCCACATCTCACTGTAGCCTCGAACCCCTGGGCTCAAGTGATTCA,FALSE
AAAAGTAATTGCAGTTTTTGCTGTTGAACGTAGTGGTAAAACTGCAGTTATTTTTGC,FALSE
GGCTGAGCCGCAGTAGTTCTTCAGTGGCAAGCTTTATGTCCTGACCCAGCTAAAGCTGCCAGTTGAAGAACTGTTGCCCTCTGCC,FALSE
CTATATGCAGTGGACCAGGATGGCAAGGGCTCTACTGTCCTTTCAGGAGAGCCCTTGCCATCCTGGTCCACTGCATATAG,FALSE
GGTTCTGTCTTGGGCCACTTGGATCTGAAGGCTGCCCCTTTGCTCTCTGGGGTAGCCTTCAGATCTTGGTGTTTTGAATTCTTACT,FALSE
CGAAGCGGGCATGCTGGGAGAGACTTTGTGATTTGTCTCCAAAGCCTCACCCAGCTCTCTGGCCCTCTAG,FALSE
TTAGGTAATTCCTCCACTCAAAACCCTTCAGTGACTTCCATGACATGAAATAGGAAGTCATTGGAGGGTTTGAGCAGAGGAATGACCTGTTTTAAAA,FALSE
TGGAGCCAGGCTGAGAAGGGGTGCCATGGAGAAGAAGGCCCTCACTCTCCCTCCTCCCCCAG,TRUE
GTGTGCATTTGCAGGAACTTGTGAGTCTCCTATTGAAAATGAACAGGAGACTGATGAGTTCCCGGGAACACCCACAA,FALSE
CGGGCCCCGGGCGGGCGGGAGGGACGGGACGCGGTGCAGTGTTGTTTTTTCCCCCGCCAATATTGCACTCGTCCCGGCCTCCGGCCCCCCCGGCCC,FALSE
TAGAGGAGTGGGTTTACTGGACAGTGATCTTTTGGTCTTATTGTTTGGTTTCCTAACTCATCTAG,TRUE
GGCAGTGCCCTATTCAGAAAGGTGCCAGTCACTTAGATTACATGTCACTGTTTCCTTTCTGAGTGGAGTAGGGCTTA,FALSE
GGGCCCGGCGGGGAGGGGCTCCGGGGCCGGCGCCGGTCCTGACGCTTCTCTCCCGCAG,TRUE
AGACAGAGAAGCCAGGTCACGTCTCTGCAGTTACACAGCTCACGAGTGCCTGCTGGGGTGGAACCTGGTCTGTCT,FALSE
ATCAAGATTAGAGGCTCTGCTCTCCGTGTTCACAGCGGACCTTGATTTAATGTCATACAATTAAGGCACGCGGTGAATGCCAAGAGCGGAGCCTACGGCTGCACTTGAA,FALSE
GTGGACTCTAGCTGCCAAAGGCGCTTCTCCTTCTGAACAGAGCGCTTTGCTCAGCCAGTGTAGACATGGC,FALSE
GTGTTGGGGACTCGCGCGCTGGGTCCAGTGGTTCTTAACAGTTCAACAGTTCTGTAGCGCAATTGTGAAATGTTTAGGACCACTAGACCCGGCGGGCGCGGCGACAGCGA,FALSE
AGCAGCAGGGGAGAGAGAGGAGTCCTCTAGACACCGACTCTGTCTCCTGCAGAT,TRUE
GAGGGAAAGCAGGCCAACCTCGAGGATCTCCCCAGCCTTGGCGTTCAGGTGCTGAGGAGATCGTCGAGGTTGGCCTGCTTCCCCTC,FALSE
AGGTGGCAGGGCCAGCCACCAGGAGGGCTGCGTGCCACCCGGGCAGCTCTGCTGCTCACTGGCAGTGTCACCT,FALSE
TCTCATGCTGTGACCCTCTAGAGGGAAGCGCTTTCTGTTGTCTGAAAGAAAAGAACGCGCTTCCCTATAGAGGGTTACCCTTTGAGA,FALSE
CGGGGCGGCCGCTCTCCCTGTCCTCCAGGAGCTCACGTGTGCCTGCCTGTGAGCGCCTCGACGACAGAGCCGGCGCCTGCCCCAGTGTCTGCGC,FALSE
TGAAATCGCAGACAGGGACACATGGAGAACGCCCCCACCAGTTCCCACGTGCTTCTCTTTCCGCAG,TRUE
TTTACTCTGAACTAGCTCTGTGGATCCTGACAGACAGCCTGATAGACAGGATCCACAGAGCTAGTCCAGAGTAAA,FALSE
ATCCATAGGTGGCAGAGGAGGGACTTCAGATGCTTCATGACACCCTCTTTCCCTACCGCCTACAG,TRUE
TCTGGGTAAGGGAGCAGGGCCAGCATTCTATCTCACTGCTGTTCTCTGCTCTCCCCGCAG,TRUE
TCTCAGGCTGTGACCCTCTAAAGGGAAGCGCTTTCTGTGGTCAGAAAGAAAAGCAAGTGCTTCCTTTTAGAGGGTTACCGTTTGGGA,FALSE
CCCATTGGCATAAACCCGTAGATCCGATCTTGTGGTGAAGTGGACCGCACAAGCTCGCTTCTATGGGTCTGTGTCAGTGTG,FALSE
GAAAGAGTTTGGGATGGAGAGAGGAGAAACTTGAGGTCTCTGGGAGTTGCTTAAACCAGTTGACCGTAACCTGGCCAGAGAATTCTGATAGTGTCTTCTCTCCTCCCAAACAG,TRUE
GGGCTTTCAAGTCACTAGTGGTTCCGTTTAGTAGATGATTGTGCATTGTTTCAAAATGGTGCCCTAGTGACTACAAAGCCC,FALSE
CTTGCCCGGGAGAAGGAGGTGGCCTGGAGAGCTGCTGTCTCCAGCCGCCGCCTGTCTCCACAG,TRUE
AGACGAGGAGTTAAGAGTTCATTCGGCTGTCCAGATGTATCCAAGTACCCTGTGTTATTTGGCAATAAATACATCTGGGCAACTGACTGAACTTTTCACTTTTCATGACTCA,FALSE
TCAGGCTGTGACCCTCTTGAGGGAAGCACTTTCTGTTGTCTGAAAGAAGAGAAAGTGCTTCCTTTTAGAGGCTTACTGTCTGA,FALSE
AGGCCTCTCTCTCCGTGTTCACAGCGGACCTTGATTTAAATGTCCATACAATTAAGGCACGCGGTGAATGCCAAGAATGGGGCTG,FALSE
ATGGTGGGGATGTCAGGTGTGGGTTGTGAGCACACCCACCGTGACCTTGCCCACCCCAG,TRUE
TATGGAAGATCGGGGCAGTGGGAGCTCTCTAGCGGCTGCTGACGGCTCTGTCTCCCTAG,TRUE
GTAGAGGAGATGGCGCAGGGGACACGGGCAAAGACTTGGGGGTTCCTGGGACCCTCAGACGTGTGTCCTCTTCTCCCTCCTCCCAG,TRUE
GAGCAGGCGAGGCTGGGCTGAACCCGTGGGTGAGGAGTGCAGCCCAGCTGAGGCCTCTGC,TRUE
GGTAAACCTTGGTGACTAATTAGAGTCTGGCTGATATGGTTTGACACAGAGCTAAATCATATGAACCAAACTCTAATTAGTCAATAATTTCTGTT,FALSE
GAGAGGGAAGATTTAGGTTGGTGCAAAAGTAATTGTGGTTTTTGCCATTGAAAGTAATGGCAAAAACCACAGTTTCTTTTGCACCAACCTAATAAAA,FALSE
GGAAGCAGCACAGACTTGCTGTGATGTTCACGTGGAGAGGAGTTAAACATCACTGCAAGTCTTAACAGCCGCC,FALSE
GCCCTGTCCCCTGTGCCTTGGGCGGGCGGCTGTTAAGACTTGCAGTGATGTTTAACTCCTCTCCACGTGAACATCACAGCAAGTCTGTGCTGCTTCCCGTCCCTACGCTGCCTGGGCAGGGT,FALSE
TGATGCTTTGCTGGCTGGTGCAGTGCCTGAGGGAGTAAGAGCCCTGTTGTTGTCAGATAGTGTCTTACTCCCTCAGGCACATCTCCAGCGAGTCTCT,FALSE
GAGGGCTAGGTGGGGGGCTTGAAGCCCCGAGATGCCTCACGTCTTCACCCCTCTCACCTAAGCAG,TRUE
CTAGGGTGGAGTGTGGGTTGAGTCCAGAACCCGACATTGAGAGATGGACTCTCCCTACTATCTTCCCTAG,TRUE
AATCTGCCAGCTTCCACAGTGGCAGATTTTCCCATAGTGGGAAGCTGGCAGATTC,FALSE
GTAGCACTAAAGTGCTTATAGTGCAGGTAGTGTTTAGTTATCTACTGCATTATGAGCACTTAAAGTACTGC,FALSE
GTGGGCTTGGGTCGGTGGGGACGGGGCGGCTGGGCGTGCCCTGCGGCCACGGCTCTGA,TRUE
GAGGAGAGGTGGGATGGAGAGAAGGTATGAGCTAAAAATCCCCAAGCTCTGCCATCCTCCCTCCCCTACTTCTCCCC,FALSE
AACACAGTGGGCACTCAATAAATGTCTGTTGAATTGAAATGCGTTACATTCAACGGGTATTTATTGAGCACCCACTCTGTG,FALSE
TGGGGGTTATGGAACCAGAAAATGGGATCATGCCATCTGGGTTGTTCCTTGGCTTCCAG,TRUE
TAGGGAATGGGGAAAGGGGAGCGAGCCAGAGAAAACTGACGCCCCTCTTCCCTGCTTCCTTCCTCCAG,TRUE
TTTTTGTGTGTGAAATTAGGTAGTGGCAGTGGAACACTATATTAATCAGGTTTCCACTGCCACTACCTAATTTCTCAGATGGAAA,FALSE
TCTTCCTCTCTGTCCTCTGGAATTTGGTTTCTGAGGCACTTAGTAGGTGATAGCATGACTGACTGCCTCACTGACCACTTCCAGATGAGGGTTACTC,FALSE
AGATGGTATTGAGTGGATGCTGTTATATATACAGCCATGCACTCTGTAGTTTGGGTACACAGTGCATGGCTGTATATATAACACTATCCATTCATCTTTCAGC,FALSE
ACTGGGAAGAGGAGCTGAGGGACATTGCGGAGAGGGTCTCACATTGTCCCTCTCCCTTCCCAG,TRUE
ACCAATTCCTAGGTTGGTGCAAAAGTAATTGCGGTCTTTGTCATTAAAACCAATAACAAAAACCACAATTACTTTTTACTGACCTAAAGATTAATT,FALSE
GGGCGCAGGGGGACTGGGGGTGAGCAGGCCCAGAACCCAGCTCGTGCTCACTCTCAGTCCCTCCCTAG,TRUE
GGCAGTGCTCTACTCAAAAAGCTGTCAGTCACTTAGATTACATGTGACTGACACCTCTTTGGGTGAAGGAAGGCTCA,FALSE
TGCTCTGTAGGCATGAGGCAGGGCCCAGGTTCCATGTGATGCTGAAGCTCTGACATTCCTGCAG,TRUE
TCCCATGCTGTGACCCTCTAGAGGGAAGCACTTTCTGTTGTCTGAAAGAAACCAAAGCGCTTCCCTTTGGAGCGTTACGGTTTGAGA,FALSE
GTGATTGCCTCTGATCAGGCAAAATTGCAGACTGTCTTCCCAAATAGCCTGCAACTTTGCCTGATCAGAGGCAGTCAC,FALSE
AGAGATGGTAGACTATGGAACGTAGGCGTTATGATTTCTGACCTATGTAACATGGTCCACTAACTCT,FALSE
TGTGGGAGAGGAACATGGGCTCAGGACAGCGGGTGTCAGCTTGCCTGACCCCCATGTCGCCTCTGTAG,FALSE
TGCAGAAGAAAGATCTGGAAGTGGGAGACACTTTCACTATATATAGTGGCTCCCACTTCCAGATCTTTCTCTCTGTA,FALSE
GTAGGCAGGGGCTGGGGTTTCAGGTTCTCAGTCAGAACCTTGGCCCCTCTCCCCAG,TRUE
TGGGGGTGACGGGCAGGCATGGGGGCTGGAGTGGCTGACCCTGCCTCCCCGTGTCTGCCTGTGTCTCCAG,TRUE
GCGTACAGTGCCTTTCTCAAGGAGGTGTCGTTTATGTGAACTAAAATATAAATTTCACCTTTCTGAGAAGAGTAATGTACAGCA,FALSE
GTTGTTGTAAACATCCCCGACTGGAAGCTGTAAGACACAGCTAAGCTTTCAGTCAGATGTTTGCTGCTAC,FALSE
CGACTTGCTTTCTCTCCTCCATGCCTTGAGTGTAGGACCGTTGGCATCTTAATTACCCTCCCACACCCAAGGCTTGCAGAAGAGCGAGCCT,FALSE
TCTGGAAAGGAAGGGCAGTTCCTTAACATTAATTATTGTTCATCCTTGCTTCTTCCTTCCAG,TRUE
CCGAAAGAAAGGTGGAGGGGTTGTCAGAGCTGCAGCTGCTCCACCCTGACACCCCATCTGCCCTCAG,TRUE
GCGCCCGCCGGGTCTAGTGGTCCTAAACATTTCACAATTGCGCTACAGAACTGTTGAACTGTTAAGAACCACTGGACCCAGCGCGC,FALSE
GCTGTCAGGGAACAGCTGGGTGAGCTGCTGCCCCAGAGGCCCAGCAGGTGTCCAGAACTCACCCTCTGCTCCCAG,TRUE
CAGTGCGACGGGCGGAGCTTCCAGACGCTCCGCCCCACGTCGCATGCGCCCCGGGAAAGCGTGGGGCGGAGCTTCCGGAGGCCCCGCCCTGCTG,FALSE
GACCAGTCGCTGCGGGGCTTTCCTTTGTGCTTGATCTAACCATGTGGTGGAACGATGGAAACGGAACATGGTTCTGTCAAGCACCGCGGAAAGCACCGTGCTCTCCTGCA,FALSE
TCAAGACGGGGAGTCAGGCAGTGGTGGAGATGGAGAGCCCTGAGCCTCCACTCTCCTGGCCCCCAG,TRUE
GTGGGTACGGCCCAGTGGGGGGGAGAGGGACACGCCCTGGGCTCTGCCCAGGGTGCAGCCGGACTGACTGAGCCCCTGTGCCGCCCCCAG,FALSE
ACTGGGTGGGCAGTATATTCAGATATTGGATCTGAGCCCTGTTCTCCCTAG,TRUE
CTCCGGTGCCTACTGAGCTGATATCAGTTCTCATTTTACACACTGGCTCAGTTCAGCAGGAACAGGAG,FALSE
CTTGGCCCGCAGGTGAGATGAGGGCTCCTGGCGCTGATGCCCTTCTCTCCTCCTGCCTCAG,TRUE
TTGAGGCACTGGGTAGTGGATGATGGAGACTCGGTACCCACTGCTGAGGGTGGGGACCAAGTCTGCGTCATCCTCTCCTCAGTGCCTCAA,FALSE
TTATGCATATTAGCAATACAGTACAAATATAGTGTGTTTGATTTGCACTGTAGTTGTATTGTATTGCCACTCTGTATAA,FALSE
ATAGAAAATAAAACACATACTGCTGTATTGTCAGGTAGTGATAGGATTTATCACTACCTGACAATACAGTATGTGTTTGTTTTATATATTT,FALSE
CCTGGGAACGGGTTCCGGCAGACGCTGAGGTTGCGTTGACGCTCGCGCCCCGGCTCCCGTTCCAGG,TRUE
CACCCAGATCTGCGGCCTAATCACAGGCCACATTTCTGAATAGGCCACGGATCTGGGCAA,FALSE
GTAGACAGGATGAGGGCAGAGCCAGCTTCCTGATCTGATGGAAGTCATGAAGCCTTCTCTGCCTTACGCTTGGCTCTGC,FALSE
ACTGGCAAAAGGGTTTAGAACTTGACTGCCCTATAAAGAGTTCTTCCTCTGTGCCATAG,TRUE
GCCTGGATACATGAGATGGTTGACCAGAGAGCACACGCTTTATTTGTGCCGTTTGTGACCTGGTCCACTAACCCTCAGTATCTAATGC,FALSE
TGATGCTTTGCTGGCTGGTGCAGTGCCTGAGGGAGTAAGAGCCCTGTTGTTGTAAGATAGTGTCTTACTCCCTCAGGCACATCTCCAACAAGTCTCT,FALSE
TACAATCCAACGAGGATTCTAATTTCTCCACGTCTTTGGTAATAAGGTTTGGCAAAGATGTGGAAAAATTGGAATCCTCATTCGATTGGTTATAACCA,FALSE
GGAGCTTATCAGAATCTCCAGGGGTACTTTATAATTTCAAAAAGTCCCCCAGGTGTGATTCTGATTTGCTTC,FALSE
TGCTGCAGGCTCATACCATCCTAACTCTGTAAGCGACTTTTGGTGATAGGAGTCTGTGATTGTAG,TRUE
TGAGGATGGGGTGAGATGGGGAGGAGCAGCCAGTCCTGTCTCACCGCTCTTCCCCTGACCCCAG,TRUE
GATCCTGTGCTCCCTGGGGGGTCTGATCCTGTGCTTCCTGGGAGGTGTGATATCATGGTTCCTGGGAGGTGTGATCCCGTGCTTCCTGGGAGGTGTGATATTGTGGTTCCTGGGAGGTGTGATCCCGTGCTCCCTGGGAGGTGTGATC,FALSE
GGTACCTGAAGAGAGGTTTTCTGGGTTTCTGTTTCTTTAATGAGGACGAAACACACCTGGTTAACCTCTTTTCCAGTATC,FALSE
CTCAGGCTGTGACCCTCCAGAGGGAAGTACTTTCTGTTGTCTGAGAGAAAAGAAAGTGCTTCCCTTTGGACTGTTTCGGTTTGAG,FALSE
TATGGGATTCCACAGACAATGAGTATCAATGGCACAAACTCATTCTTGAATTTTTGCCAGTTCAAGAAGAGACTGAGTCATCGAATGCTCTAAATGTCACTTCACCTCATGT,FALSE
TATCCTGAGAAGGCACAGCTTGCACGTGACCTCCTGGGCCTGGCGGCTGTGTCTTCACAG,FALSE
CGAAGCGGGCATGCTGGGAGAGACTTTGTGATTTGTCTCCAAAGCCTCACCCAGCTCTCTGGCCCTCTAG,FALSE
AGGGGGCACTGGGCAGACAGTGTGTGCAAGATAGAGTCCAGGGCCACCTTCTGGCTGAGCCACACTGAGTCCATTACCCCCAG,TRUE
GTGGGAAGGAGATGCTCAGGCAGATCTGTCTCTGATTGTTTCCAAGATCTGTCTCGATTGTTTCCAG,TRUE
CGGTCCAGACGTGGCGGGGGTGGCGGCGGCATCCCGGACGGCCTGTGAGGGATGCGCCGCCCACTGCCCCGCGCCGCCTGACCG,FALSE
TGTGCACTTGGGCAGGAGGGACCCTGTATGTCTCCCCGCAGCACCGTCATCGTGTCCCTCTTGTCCACAG,TRUE
AAGGTATTAGGTTGGTGCAAAAGTAATTGCAGTTTTTGCTATTACTTTTAATGGTAAAAACTGCAATTACTTTTACACCAACCTAATATTTA,FALSE
GTCCCTGGGGGCTGGGATGGGCCATGGTGTGCTCTGATCCCCCTGTGGTCTCTTGGCCCCCAGGAACTCC,TRUE
GCTTTTATATTGTAGGTTTTTGCTCATGCACCATGGTTGTCTGAGCATGCAGCATGCTTGTCTGCTCATACCCCATGGTTTCTGAGCAGGAACCTTCATTGTCTACTGC,FALSE
CGCCTCAGAGCCGCCCGCCGTTCCTTTTTCCTATGCATATACTTCTTTGAGGATCTGGCCTAAAGAGGTATAGGGCATGGGAAAACGGGGCGGTCGGGTCCTCCCCAGCG,FALSE
GTGAGCAGTCTCCACCACCTCCCCTGCAAACGTCCAGTGGTGCAGAGGTAATGGACGTTGGCTCTGGTGGTGATGGACAGTCCGA,FALSE
AGGGCCAGAGGAGCCTGGAGTGGTCGGGTCGACTGAACCCAGGTTCCCTCTGGCCGCA,TRUE
CGCTCGGGCGGAGGTGGTTGAGTGCCGACTGGCGCCTGACCCACCCCCTCCCGCAG,TRUE
CTGAAGCTCCTTCTGAAAGAGCAGTTGGTGTTTATTTTTTACTAAATAGCAATTGCTCTTTTGGAAGGAACTTGAG,FALSE
CGGGTGAGGGAGCGTGTGCCAGGCAGGCCGTGAGGGTCAGCACGCCCTCCTCTCCCAG,TRUE
AGGGCAGAGGGAATCCCACACGTGCTGGTGGATCATGTGTGTGCATTTCTCTCCCTTCTAG,TRUE
GGGCAGTCTTTGCTACTGTAAACATCCTTGACTGGAAGCTGTAAGGTGTTCAGAGGAGCTTTCAGTCGGATGTTTACAGCGGCAGGCTGCCA,FALSE
AACTATTCTTAGGTTGATGCAGAAGTAACTACGGTTTTTGCAGTTGAAAGTAATGGCAAAGACCGTGACTACTTTTGCAACAGCCTAATAGTTTCT,FALSE
ACAGCTGTAATTAGTCAGTTTTCTGTCCTGTCCACACAGAAAACCGTCTAGTTACAGTTGT,FALSE
TGAATGAAAGAGCCAGTGGTGAGACAGTGAGTTGATTACTTCTCACTGTTTCACCACTGGCTCTTTGGTTCA,FALSE
TCTCCAACAATATCCTGGTGCTGAGTGATGACTCAGGCGACTCCAGCATCAGTGATTTTGTTGAAGA,FALSE
CCGGGGAGAAGTACGGTGAGCCTGTCATTATTCAGAGAGGCTAGATCCTCTGTGTTGAGAAGGATCATGATGGGCTCCTCGGTGTTCTCCAGG,FALSE
GGGATGCCACATTCAGCCATTCAGCGTACAGTGCCTTTCACAGGGAGGTGTCATTTATGTGAACTAAAATATAAATTTCACCTTTCTGAGAAGGGTAATGTACAGCATGCACTGCATATGTGGTGTCCC,FALSE
ATTTTGGCCAACTCTGACCCCTTAGGTTGATGTCAGAATGAGGTGTACCAACCTAGGTGGTCAGAGTTGGCCAAAAT,FALSE
AACCATTCAAATATACCACAGTTTGTTTAACCTTTTGCCTGTTGGTTGAAGATGCCTTTCAACAGGTGACTGGTTAGACAAACTGTGGTATATACA,FALSE
CAGTCCTTCTTTGGTATTTAAAACGTGGATATTCCTTCTATGTTTACGTGATTCCTGGTTAATCATAGAGGAAAATCCATGTTTTCAGTATCAAATGCTG,FALSE
TGACCACCCCCGGGCAAAGACCTGCAGATCCCCTGTTAGAGACGGGCCCAGGACTTTGTGCGGGGTGCCCA,FALSE
CTCCTCATGGGAGTTCGGGGTGGTTGCTGGAGGTCAGCACCCTGTGGCTCCCACAG,TRUE
GCAGCCAGGGCAGAGGGCACAGGAATCTGAGGTGACTGGCACAGAAGACTCAGGCCTGTGGCTCCTCCCTCAG,TRUE
GTAGGATGATGGGGTCACGGACCAGGTCAGGGCTCACTCCCCACTGCCAGTTCCCCAAATGCTGAGTTGGCTCCTGCCCTGTCTCCTCCAG,TRUE
CCTGTCCCTCCTGCCCTGCGCCTGCCCAGCCCTCCTGCTCTGGTGACTGAGGACCGCCAGGCAGGGGCTGGTGCTGGGCGGGGGGCGGCGGG,FALSE
CTGGCTGAGGTAGTAGTTTGTGCTGTTGGTCGGGTTGTGACATTGCCCGCTGTGGAGATAACTGCGCAAGCTACTGCCTTGCTA,FALSE
AATGCTGTTTCAAGGTAGTACCAGTACCTTGTGTTCAGTGGAACCAAGGTAAACACAAGGTATTGGTATTACCTTGAGATAGCATTACACCTAAGTG,FALSE
TTGAGGATGATGCAGTTCAGCTGTTCCCACTCACCAGGGCTGTAACTTCCTTTGCAG,TRUE
TCTTCACTTTCAAGAGTGGCAAAGTCTTTCCATATGTATGTATGTATGTCTGTTACACATATGGAAAGACTTTGCCACTCTTTAAAGTGAAGA,FALSE
CTCGAGGTGCTGGGGGACGCGTGAGCGCGAGCCGCTTCCTCACGGCTCGGCCGCGGCGCGTAGCCCCCGCCACATCGGG,FALSE
CTGGAACATGGCAGAGGGCATACTAGGGGTTAACCTCCTGCCCTTTCTCATGTCCCCCCAG,TRUE
TGGGAGGAAAGCACAAGGTTTTTCCTTCCCCCTTGTTAAAGCCTCTGTGTTTTGCCCTAG,TRUE
AATAGAGGGTGCACAGGCACGGGAGCTCAGGTGAGGCAGGGAGCTGAGCTCACCTGACCTCCCATGCCTGTGCACCCTCTATT,FALSE
CTGGGATGGGGACAGGGATCAGCATGGCACAGATCCAATACCTTCTGTCCCCTGCTCCCTTGTTCCCCAG,TRUE
GAGCTCTGGGAGGGGCTGGGTTTGGCAGGACAGTTTCCAAGCCCTGTCTCCTCCCATCTTCCAG,TRUE
GGAAGGGATTCTGGGAGGTTGTAGCAGTGGAAAAAGTTCTTTTCTTCCTCTGATCGCCCTCTCAGCTCTTTCCTTCT,FALSE
TTACCTTGTGGGGTTGGAGAGCTGGCTGGTCCAGCCCCTCAGAAGCTCTCCCCTCCCCGCAG,TRUE
GCTGCTTGGGGTTTGGGGTGCAGACATTGCCAGAGGATGGGCAGCAGACTGACCTTCAACCCCACAG,TRUE
TTGTGCTTTCAGCTTCTTTACAGTGCTGCCTTGTAGCATTCAGGTCAAGCAGCATTGTACAGGGCTATGAAAGAACCA,FALSE
GGATGTGAGGGTGTCAGCAGGTGACGGTGGGGGCCACGCTGACAGCCGCACCTGCCTCTCACCCACAG,TRUE
AGGGGACGGGATGGAGGAACAGAGAAAGCTAAGGGTAGCCTCTGCCCTCCTACTCCCCAG,TRUE
CTGATGGCTGCACTCAACATTCATTGCTGTCGGTGGGTTTGAGTCTGAATCAACTCACTGATCAATGAATGCAAACTGCGGACCAAACA,FALSE
GCATCCTGTACTGAGCTGCCCCGAGGCCCTTCATGCTGCCCAGCTCGGGGCAGCTCAGTACAGGATAC,FALSE
CGAGGGGATACAGCAGCAATTCATGTTTTGAAGTGTTCTAAATGGTTCAAAACGTGAGGCGCTGCTATACCCCCTCGTGGGGAAGGTAGAAGGTGGGG,FALSE
GCCTTGGTGCTGATTCCTGGGCTCTGACCTGAGACCTCTGGGTTCTGAGCTGTGATGTTGCTCTCGAGCTGGGATCTCCGGGGTCTTGGTTCAGGGCCGGGGCCTCTGGGTTCCAAGC,FALSE
GCGACGGGCGGAGCTTCCAGACGCTCCGCCCCACGTCGCATGCGCCCCGGGAAAGCGTGGGGCGGAGCTTCCGGAGGCCCCGCCCTGC,FALSE
CCCATCAGGGCTCAGGGATTGGATGGAGGTGATGGGGGCAGGGGATGGGTCTCACCCTCCCTTCTTCCTGGGCCCTCAG,TRUE
CGCTGGCGACGGGACATTATTACTTTTGGTACGCGCTGTGACACTTCAAACTCGTACCGTGAGTAATAATGCGCCGTCCACGGCA,FALSE
GTGAGGCGGGGCCAGGAGGGTGTGTGGCGTGGGTGCTGCGGGGCCGTCAGGGTGCCTGCGGGACGCTCACCTGGCTGGCCCGCCCAG,TRUE
TGCTCGCTCAGCTGATCTGTGGCTTAGGTAGTTTCATGTTGTTGGGATTGAGTTTTGAACTCGGCAACAAGAAACTGCCTGAGTTACATCAGTCGGTTTTCGTCGAGGGC,FALSE
TTGACTTAGCTGGGTAGTGGGGAACCCTTCCATGAGGAGTAGAACACTCCTTATGCAAGATTCCCTTCTACCTGGCTGGGTTGG,FALSE
TGGAGGGTAGACTGTGGGTTGGCAGCTCTAGACCTTGGCCTGATATGCTGACCCCTCTGCTCCTCAG,TRUE
CCTGCCGGGGCTAAAGTGCTGACAGTGCAGATAGTGGTCCTCTCCGTGCTACCGCACTGTGGGTACTTGCTGCTCCAGCAGG,FALSE
GTTGGGAAATGGTAGTGAAGGAAAGCTTGAGTGTAGCCTTCACCTCTATTCTTCCCTGGTAG,TRUE
CACGCAGGGCCGCCAAGGCAATGGGCGGGGTACCACAGCCGAGCCTTGTCTCCCTGCAG,TRUE
GGCCAGCTGTGAGTGTTTCTTTGGCAGTGTCTTAGCTGGTTGTTGTGAGCAATAGTAAGGAAGCAATCAGCAAGTATACTGCCCTAGAAGTGCTGCACGTTGTGGGGCCC,FALSE
AGCCTGCGGTTCCAACAGGCGTCTGTCTACGTGGCTTCAACCAAGTTCAAAGTCACGCGGAGAGATGGCTTTGGAACCAGGGGCT,FALSE
GTGTCCTCACTTGTCCACTTCTGCCTGCCCTGCCCAAATGGTGGAGCAGATTCGAGGGGCAGGGCAGGAAGAAGTGGACAAGTGAGGCCAT,FALSE
AGGGCAGAGGGAATCCCACACGGGCTGGTGGATCATGTGTGTGCATTTCTCTCCCTTCTAG,TRUE
GTGAGTGGGAGGCCAGGGCACGGCAGGGGGAGCTGCAGGGCTATGGGAGGGGCCCCAGCGTCTGAGCCCTGTCCTCCCGCAG,TRUE
TTGAGCAGAGGTTGCCCTTGGTGAATTCGCTTTATTTATGTTGAATCACACAAAGGCAACTTTTGTTTG,FALSE
GTGGGGGACGTTTGCCGGTCACTGCTGCTGGCGCCCTGACTGTTGCCGTCCTCCAG,TRUE
CACCTTGTCCTCACGGTCCAGTTTTCCCAGGAATCCCTTAGATGCTAAGATGGGGATTCCTGGAAATACTGTTCTTGAGGTCATGGTT,FALSE
AGGGAAGGAGGCTTGGTCTTAGCACGGGGTCTAAGGCCCGGGCTTTCCTCCCAG,TRUE
GGTGCCTCGGGAGGGCATGGGCCAGGCCACATAATGAGCCAAACCCCTGTCTACCCGCAG,TRUE
AGGGCAGAGGGAATCCCACACGTGCTGGTGGATCATGTGTGTGCATTTCTCTCCCTTCTAG,TRUE
CCCCCTCTCTAATCCTTGCTACCTGGGTGAGAGTGCTTTCTGAATGCAGTGCACCCAGGCAAGGATTCTGCAAGGGGGA,FALSE
TGTGACCTGGTGGAAGTGGAAAGACAGTCAAGTGACGCTCTCTTTCTCTTGAACTTCTTCACTGGGGCAG,TRUE
CAGGACGAGTGTCAACAAGGACCTCCAAAGTCACTGTTGTACTCTTGCTCCTACAG,TRUE
TGGCCCAGGGAACCAGTTGGGGCTTCCGCTCTGCAGAGGCTCTAACTGGCTTTCCCTGCAG,TRUE
CAGCCAGGAGGGAAGGGGCTGAGAACAGGACCTGTGCTCACTGGGGCCTGCATGACCCTTCCCTCCCCACAG,TRUE
TTCTCCTGGGGAGTGGCTGGGGAGCAGACAGACCCAACCTCATGCTCCCCGGCCTCTGCCCCCAG,TRUE
AAACGATACTAAACTGTTTTTGCGATGTGTTCCTAATATGCACTATAAATATATTGGGAACATTTTGCATGTATAGTTTTGTATCAATATA,FALSE
TTGGGATAGGCGTTCAGAGAAGGTAATTTGGTCTTTGGTCATCTTCCCTGTTCCTTATTTCAG,TRUE
CAGGCTGGGGGCTGGATGGGGTAGAGTAGGAGAGCCCACTGACCCCTTCTGTCTCCCTAG,TRUE
AGGGCAGAGGGAATCCCACACGTGCTGGTGGATCATGTGTGTGCATTTCTCTCCCTTCTAG,TRUE
ATGGGAGAAGGGGCAGGGAGCCTGGAGTCAGGCAGATGCTAGGGTCCCCCTCAGGTCCCTTCCTCCTCTTCTCCCTAG,TRUE
GTCCCCTCCCCTAGGCCACAGCCGAGGTCACAATCAACATTCATTGTTGTCGGTGGGTTGTGAGGACTGAGGCCAGACCCACCGGGGGATGAATGTCACTGTGGCTGGGCCAGACACGGCTTAAGGGGAATGGGGAC,FALSE
AGGTGCACGCTCTAGCGGGGATTCCAATATTGGGCCAATTCCCCCAATGTTGGAATCCTCGCTAGAGCGTGCACTT,FALSE
GAGAGGCCAAGACCTTGGGAATGGGGGTAAGGGCCTTCTGAGCCCAGGTCCGAACTCTCCATTCCTCTGCAGAGCGCTCT,TRUE
CGGAAAATTTGCCAAGGGTTTGGGGGAACATTCAACCTGTCGGTGAGTTTGGGCAGCTCAGGCAAACCATCGACCGTTGAGTGGACCCTGAGGCCTGGAATTGCCATCCT,FALSE
TGGTACTCGGAGGGAGGTTGTCCGTGGTGAGTTCGCATTATTTAATGATGCCCAATACACGGTCGACCTCTTTTCGGTATCA,FALSE
TGCAGGCCTCTGTGTGATATGTTTGATATATTAGGTTGTTATTTAATCCAACTATATATCAAACATATTCCTACAGTGTCTTGCC,FALSE
ATCGGGTGAGGGGTGTCAAAGTGCTTAGCGTGTGCTCATGTGACACTGTGCACCCAG,TRUE
CTGTTAGGTTGGTGCAAAAGTAATTGTGGTTTTTGAAAGTAACTTGGCGAAAACGACAATGACTTTTGCACCAATCTAATAC,FALSE
GCCACCACCATCAGCCATACTATGTGTAGTGCCTTATTCAGGAAGGTGTTACTTAATAGATTAATATTTGTAAGGCACCCTTCTGAGTAGAGTAATGTGCAACATGGACAACATTTGTGGTGGC,FALSE
TGGGCCATGGGGTAGGGCAGAGTAGGGCTGGATGGTAGGGCCCACTGCCTATGCCCCACAG,TRUE
TCAGTGTATTTGGACGGTAAGGTTAAGCAAGGTGCGTCGTATCTTGCTTAACCTTGCCCTCGAAATACACTGA,FALSE
TCTTACGGATGAGCAAAGAAAGTGGTTTGCGCCTCAAGAAACCACTTTCTTTGCTCATCCATAAGGA,FALSE
TGCCCTGGCTCAGTTATCACAGTGCTGATGCTGTCTATTCTAAAGGTACAGTACTGTGATAACTGAAGGATGGCA,FALSE
AAGCAAGACTGAGGGGCCTCAGACCGAGCTTTTGGAAAATAGAAAAGTCTCGCTCTCTGCCCCTCAGCCTAACTT,FALSE
TGGGCAGCTGGGTGGGCCTGAGCTAGGGCAGCAGGGCCTGGCTCACGCCGCTGCCTCAG,TRUE
TGGGGCCCTGGCTGGGATATCATCATATACTGTAAGTTTGCGATGAGACACTACAGTATAGATGATGTACTAGTCCGGGCACCCCC,FALSE
TAGCCCAGGGCTTGGAGTGGGGCAAGGTTGTTGGTGATATGGCTTCCTCTCCCTTCCTGCCCTGGCTAG,TRUE
TTGCTAAGTAGGCTGAGATTGATGTCAGGTTATCCCCAAGCATAACCTCACTCTCACCTTGCTTTGCAG,TRUE
AGGTAGAAGGAGAGAAAAGGAGGCTAGGAGTCAGCTGCTCACCCATTTCCTCCCCCTGCCAG,TRUE
AGGCCTAGGGGGTGGCAGGCTGGCCATCAGTGTGGGCTAACCCTGTCCTCTCCCTCCCAG,TRUE
TCTGGATGGGGCGGGAGGCTCACTGGTTTCATGTGGCGCTCATGTGCTGACTGCTCTCCCTCCAG,TRUE
TCGTGGCCTGCAGTGGATGAGGGCAGGAGGCTCATGGCTTCTGACACTGTGGGGAACGTGCAG,TRUE
AAGAAATGGTTTACCGTCCCACATACATTTTGAATATGTATGTGGGATGGTAAACCGCTTCTT,FALSE
GGCCTGCCCGACACTCTTTCCCTGTTGCACTACTATAGGCCGCTGGGAAGCAGTGCAATGATGAAAGGGCATCGGTCAGGTC,FALSE
GACACTTGGGAGGGAAGACAGCTGGAGAGTATGGTCACAGCAGCATCCTCCTCTGTTTTCTTTCCTAG,TRUE
TGGAGGCCTTGCTGGTTTGGAAAGTTCATTGTTCGACACCATGGATCTCCAGGTGGGTCAAGTTTAGAGATGCACCAACCTGGAGGACTCCATGCTGTTGAGCTGTTCACAAGCAGCGGACACTTCCA,FALSE
TGGGAGCTAAGCTATGGGTATACTGAGCTTATGTATGCATCTGCATACCCATAGCTTAGCTCCCA,FALSE
GGGAAGGGGAGATTGCTATGACTGATGCTCATCAGCTTGGCACTTTCCTTTGTCCAG,TRUE
GGACCTGCCCTGGGCTTTCTAGTCTCAGCTCTCCTCCAGCTCAGCTGGTCAGGAGAGCTGAGACTAGAAAGCCCAGGGCAGGTTC,FALSE
CAAGGTGGGGGAGATGGGGGTTGAACTTCATTTCTCATGCTCATCCCCATCTCCTTTCAG,TRUE
TCGGCTGGCGGGGGTAGAGCTGGCTGCAGGCCCGGCCCCTCTCAGCTGCTGCCCTCTCCAG,TRUE
TATTTTAAGACCGAAGACTGTGCGCTAATCTCTTAGCACTGAAGATTAGTGCATAGTCTTTGGTCTCAAAATA,FALSE
TGTGGGGCAGCATTGGGAGTGTGAACCCCCATCCAGGTTCTCACCTCTCAAACTTCCTCAG,TRUE
GGGATAAAATGCAGGGAGGCGCTCACTCTCTGCTGCCGATTCTGCACCAGAGATGGTTGCCTTCCTATATTTTGTGTC,FALSE
CCCTAAAGGGCCAGACACTATACGAGTCATATAAGGGAAGGCATTATAGGACTCATATAGTGCCAGGTGTTTTGTGGG,FALSE
TTTGGTACTTGAAGAGAGGATACCCTTTGTATGTTCACTTGATTAATGGCGAATATACAGGGGGAGACTCTTATTTGCGTATCAAA,FALSE
GTAGGTAGAGTGTGAGGAGGAGGTCTGAGCCCATGTGTGGACCTAGGTCTGCTGTTAAACTGACTAACTCCCACTCTACAG,TRUE
GTGATAATGTAGCGAGATTTTCTGTTGTGCTTGATCTAACCATGTGGTTGCGAGGTATGAGTAAAACATGGTTCCGTCAAGCACCATGGAACGTCACGCAGCTTTCTACA,FALSE
CTGCTTCAACAACAGTGACTTGCTCTCCAATGGTATCCAGTGATTCGTTGAAGAGGAGGTGCTCTGTAGCAG,FALSE
AGGGTGCATGGTGTCGTTGTGGCCGAGCCAGGCTACCAAGTGACCTCTGACCCCGCTGTGCACCCACAG,TRUE
GTTCAAGTGGGAGGACAGGAGGCAGGTGTGGTTGGAGGAAGCAGCCTGAACCTGCCTCCCTGACATTCCACAG,TRUE
GGCCAGGCCCATCAGGGCTTGTGGAATGGGAAGGAGAAGGGACGCTTCCCCTTCTGCAGGCCTGCTGGGTGTGGCT,FALSE
